optt_blcnt_s,target,0
0.0,1,212007
0.0,0,93704
0.0,2,55981
1.0,1,8497
2.0,1,522
1.0,2,494
2.0,2,122
3.0,1,80
1.5,1,27
4.0,1,22
3.0,2,17
1.4,1,16
6.0,1,16
1.6667,1,11
1.0,0,11
3.0,0,6
1.3333,1,6
1.2857,1,5
1.1667,1,5
1.1483,1,4
1.1049,1,4
1.5773,1,4
1.0183,1,4
1.6948,1,3
1.9692,1,3
1.4026,1,3
2.2,1,3
0.0096,1,3
1.419,1,3
1.4392,1,3
1.4645,1,3
1.9865,1,3
1.4772,1,3
1.75,1,3
1.8571,1,3
1.7676,1,3
1.5201,1,3
1.761,1,3
1.5567,1,3
1.5678,1,3
1.3985,1,3
0.2041,1,3
1.3278,1,3
1.3712,1,3
1.362,1,3
0.3496,1,3
0.3943,1,3
0.5858,1,3
0.7518,1,3
0.8652,1,3
0.1537,1,3
0.1235,1,3
1.0047,1,3
1.0178,1,3
1.0492,1,3
1.0716,1,3
1.0821,1,3
1.1232,1,3
1.1275,1,3
1.1277,1,3
1.1639,1,3
1.1912,1,3
1.2023,1,3
1.3263,1,3
1.327,1,3
0.2113,1,3
1.2104,1,3
7.0,1,3
1.5495,1,2
1.0098,1,2
1.0094,1,2
1.6864,1,2
1.6879,2,2
1.0076,1,2
1.2448,1,2
0.5059,1,2
0.1893,1,2
1.9908,1,2
1.0066,1,2
1.2463,1,2
1.2465,1,2
0.7492,1,2
1.986,2,2
1.0042,1,2
1.2501,1,2
1.0096,1,2
1.6843,1,2
1.4369999999999998,1,2
1.2377,1,2
1.4553,1,2
1.0166,1,2
1.676,1,2
0.1674,1,2
1.2327,1,2
2.0407,1,2
1.2339,1,2
1.0134,1,2
1.6805,1,2
1.3567,1,2
1.4496,1,2
1.4494,1,2
1.2369,1,2
1.4486,1,2
0.1759,1,2
1.2503,1,2
1.2516,1,2
0.5257,1,2
1.9684,1,2
1.2663,2,2
0.9897,2,2
1.2674,1,2
1.7103,1,2
0.9886,1,2
1.7105,1,2
1.9626,2,2
1.269,1,2
0.2163,1,2
1.7144,1,2
0.7691,1,2
0.9855,1,2
0.985,1,2
1.9559,1,2
0.4738,1,2
1.9664,2,2
1.2652,2,2
1.2527,1,2
1.7073,1,2
0.4936,1,2
0.1995,1,2
1.256,1,2
1.2563,1,2
1.9758,1,2
0.486,1,2
1.4312,1,2
1.2606,1,2
0.2051,1,2
0.7615,1,2
0.7627,1,2
0.7631,1,2
0.4837,2,2
0.7645,1,2
1.9689,1,2
1.0173,1,2
1.6733,1,2
0.7711,2,2
0.7170000000000001,1,2
0.5522,1,2
1.6417,1,2
1.0399,1,2
1.6421,1,2
0.5519,2,2
1.643,1,2
0.7187,1,2
0.7205,1,2
1.6456,1,2
1.0376,1,2
1.2064,1,2
0.7218,1,2
1.208,1,2
1.6471,1,2
2.1905,1,2
0.7178,1,2
1.2015,1,2
0.5489999999999999,1,2
1.0409,1,2
0.5583,1,2
1.1947,1,2
0.5572,1,2
1.1963,1,2
0.7136,1,2
0.1143,2,2
1.1965,1,2
1.6373,1,2
0.5565,2,2
1.1981,1,2
1.0422,1,2
1.1997,1,2
2.2611,1,2
1.2,1,2
1.4851,1,2
1.648,1,2
1.2089,1,2
1.4615,1,2
0.1486,1,2
1.4697,1,2
1.4685,1,2
0.7287,2,2
1.6629,1,2
1.2222,1,2
1.2224,1,2
0.1541,1,2
1.6645,1,2
1.0238,1,2
1.2229,1,2
2.1103,2,2
1.6649,1,2
1.4647,1,2
0.5313,1,2
1.6695,1,2
1.4704,1,2
2.1389,1,2
0.1354,2,2
0.1477,1,2
0.1362,2,2
1.6511,1,2
1.2118,1,2
1.212,1,2
0.5457,1,2
0.1398,1,2
1.213,1,2
0.1406,1,2
1.2131,1,2
0.7249,1,2
1.0318,1,2
1.2144,1,2
0.5429,2,2
1.4739,1,2
0.147,2,2
1.2718,1,2
1.2725,1,2
0.5612,1,2
1.3285,1,2
1.3762,1,2
0.9009,2,2
1.375,1,2
1.3748,1,2
1.3330000000000002,1,2
1.7935,1,2
1.3728,1,2
0.3251,1,2
1.3343,1,2
0.391,1,2
0.3901,1,2
1.8,1,2
0.3305,1,2
0.8903,1,2
1.3378,1,2
1.3776,1,2
1.328,1,2
1.3691,2,2
0.4027,1,2
0.2939,1,2
0.2983,1,2
1.7746,1,2
0.8239,1,2
1.3849,1,2
0.9185,1,2
1.7794,1,2
0.9175,1,2
0.4073,1,2
0.9168,1,2
0.3072,1,2
1.7798,2,2
0.6462,1,2
0.3116,1,2
1.3259,1,2
1.3695,1,2
0.3823,1,2
0.2928,1,2
1.8134,2,2
1.3506,1,2
1.838,1,2
0.8587,1,2
0.8749,1,2
1.3515,1,2
1.8328,1,2
0.3644,2,2
1.8321,1,2
0.8626,1,2
1.8299,1,2
0.3553,1,2
1.8262,1,2
1.8259,2,2
1.3554,1,2
5.0,1,2
0.3677,1,2
0.3484,1,2
1.3677,1,2
1.3631,1,2
0.851,1,2
1.8504,1,2
1.8074,1,2
1.3437,1,2
0.8828,1,2
1.3451,1,2
0.8518,1,2
1.8464,1,2
1.8461,1,2
0.8542,1,2
1.3479,1,2
1.8448,1,2
0.8799,1,2
1.3487,1,2
1.8123,1,2
0.422,1,2
1.3133,2,2
1.2729,1,2
1.2812,1,2
1.2815,1,2
1.7355,1,2
0.7834,1,2
1.414,1,2
0.248,1,2
1.2839,1,2
1.9345,1,2
1.4129,1,2
1.2854,1,2
1.7412,1,2
0.7886,1,2
1.2868,1,2
1.9302,1,2
1.2872,1,2
0.7913,2,2
1.4168,1,2
1.7311,1,2
1.7439,1,2
1.2801,1,2
1.4221,1,2
1.4219,1,2
1.2739,1,2
0.229,2,2
0.9802,1,2
1.9478,1,2
1.9476,1,2
1.7249,1,2
0.7772,1,2
1.2758,1,2
0.9768,1,2
1.7259,2,2
0.9762,1,2
1.9432,1,2
0.975,1,2
1.2896,1,2
1.9243,1,2
0.8115,1,2
1.3969999999999998,1,2
1.9043,2,2
1.3075,1,2
0.428,2,2
0.9384,1,2
0.4271,1,2
1.9021,1,2
1.9014,1,2
0.4261,1,2
1.7645,1,2
1.3096,1,2
0.4234,2,2
1.7658,1,2
0.4229,1,2
1.3117,1,2
0.29,1,2
1.9058,1,2
0.8043,1,2
1.2904,1,2
1.3027,1,2
1.2922,1,2
1.2949,1,2
1.7493,1,2
0.2632,1,2
0.439,1,2
0.9523,1,2
0.4377,1,2
0.2651,1,2
1.2981,1,2
0.9493,1,2
1.753,1,2
1.3006,1,2
1.3009,1,2
0.4342,1,2
1.7572,1,2
0.5598,1,2
0.1738,2,2
0.6045,2,2
1.141,2,2
1.5842,1,2
1.093,1,2
0.6315,1,2
1.125,1,2
1.1038,1,2
1.5398,1,2
1.1034,1,2
1.5175,1,2
1.1534,1,2
1.1378,1,2
0.5995,1,2
1.6113,1,2
1.5008,1,2
1.1699,1,2
0.6951,2,2
1.0646,1,2
1.5902,1,2
1.609,1,2
1.1552,1,2
1.5279,1,2
1.1522,1,2
1.5276,1,2
1.6173,1,2
1.5752,1,2
0.6041,1,2
1.0845,1,2
1.0593,1,2
1.5595,1,2
1.0596,1,2
1.4971,1,2
1.5816,1,2
1.1765,1,2
1.1729,1,2
1.5601,1,2
1.0837,1,2
1.1763,1,2
1.1048,1,2
1.5403,1,2
0.0153,1,2
1.14,1,2
0.0164,1,2
1.1027,1,2
2.9093,1,2
1.0944,1,2
0.029,2,2
0.5925,1,2
0.0708,1,2
1.5059,1,2
1.0994,1,2
1.5068,1,2
0.0697,1,2
1.0704,1,2
0.0622,1,2
1.0729,1,2
1.0999,1,2
1.567,1,2
1.6038,1,2
1.1611,1,2
1.1324,1,2
0.5881,1,2
1.5684,1,2
1.0717,1,2
0.6615,1,2
1.5961,1,2
1.1,1,2
1.5728,1,2
1.0669,1,2
1.0656,1,2
1.1563,1,2
0.6806,1,2
0.6823,1,2
2.5,2,2
1.1366,1,2
1.1023,1,2
1.077,1,2
1.5726,1,2
2.5394,1,2
1.5037,1,2
0.6826,1,2
1.1649,2,2
0.0717,1,2
1.0891,1,2
0.6582,2,2
1.5311,1,2
1.101,1,2
0.1092,2,2
1.0989,1,2
0.5625,1,2
1.1853,1,2
0.1066,1,2
1.5453,1,2
1.5551,2,2
1.5554,1,2
2.7566,1,2
1.0539,1,2
1.0541,1,2
2.9859,1,2
1.5454,1,2
2.3333,1,2
1.5514,1,2
1.0867,1,2
1.5556,1,2
1.0547,1,2
0.1079,1,2
1.1842,1,2
0.6721,1,2
2.7249,1,2
0.6445,1,2
1.4917,1,2
1.0498,2,2
1.4903,1,2
0.0452,2,2
1.0502,1,2
0.6476,2,2
1.0896,1,2
1.1882,1,2
1.0515,1,2
1.5543,1,2
0.103,1,2
4.7491,1,2
1.0876,1,2
0.648,1,2
1.1471,1,2
0.6466,1,2
1.088,1,2
1.1839,1,2
1.0874,1,2
0.6064,1,2
1.1916,1,2
1.0568,1,2
1.6215,1,2
1.5498,1,2
1.6216,1,2
1.1826,1,2
1.5239,1,2
1.5572,1,2
1.523,1,2
1.6332,1,2
2.7655,1,2
0.6743,1,2
1.1209,1,2
1.1835,1,2
1.6192,1,2
2.713,1,2
2.9671,1,2
1.1794,1,2
1.5755,1,2
1.1206,1,2
1.1834,1,2
1.5412,1,2
0.6619,1,1
0.8069,1,1
0.7919,1,1
0.8066,1,1
0.6667,2,1
0.8064,2,1
0.8131,1,1
0.8157,1,1
0.807,1,1
0.7918,1,1
0.8121,1,1
0.8091,2,1
0.8101,2,1
0.8107,1,1
0.7926,1,1
0.6655,1,1
0.6651,2,1
0.8097,1,1
0.8108,2,1
0.8114,2,1
0.6624,1,1
0.662,1,1
0.7915,2,1
0.6665,1,1
0.7904,2,1
0.6662,1,1
0.7902,1,1
0.7999,1,1
0.8054,1,1
0.6668,2,1
0.8159,2,1
0.8029,1,1
0.8025,0,1
0.8023,1,1
0.6681,1,1
0.7948,1,1
0.7955,1,1
0.7955,2,1
0.8019,2,1
0.8012,2,1
0.7961,1,1
0.6669,1,1
0.6683,1,1
0.7963,2,1
0.8008,1,1
0.7968,1,1
0.8005,1,1
0.6696,1,1
0.7992,2,1
0.669,2,1
0.7993,1,1
0.6679,1,1
0.8029999999999999,1,1
0.6678,1,1
0.7947,1,1
0.6674,2,1
0.6716,2,1
0.8063,1,1
0.6714,2,1
0.7933,1,1
0.8062,2,1
0.8059,1,1
0.7935,2,1
0.8004,2,1
0.7938,2,1
0.8049,1,1
0.7946,1,1
0.6707,1,1
0.8046,1,1
0.6676,1,1
0.8041,2,1
0.8035,1,1
0.8033,1,1
0.8031,1,1
0.8009999999999999,1,1
0.8281,2,1
0.6617,2,1
0.6498,2,1
0.8539,1,1
0.8531,2,1
0.8528,1,1
0.8514,1,1
0.6503,1,1
0.6505,1,1
0.6505,2,1
0.6507,2,1
0.8506,2,1
0.8506,1,1
0.8501,1,1
0.6509999999999999,1,1
0.8498,1,1
0.8485,2,1
0.8479,2,1
0.8475,1,1
0.6517,2,1
0.8452,1,1
0.6518,0,1
0.845,1,1
0.6525,2,1
0.8448,2,1
0.8448,1,1
0.8444,2,1
0.8443,1,1
0.8439,1,1
0.8438,1,1
0.6527,2,1
0.843,1,1
0.6501,1,1
0.8544,1,1
0.8170000000000001,1,1
0.649,2,1
0.6463,1,1
0.8649,1,1
0.8635,2,1
0.8634,1,1
0.8631,1,1
0.6464,1,1
0.863,1,1
0.8629,1,1
0.6464,2,1
0.8622,2,1
0.862,1,1
0.8617,1,1
0.8616,1,1
0.6473,1,1
0.6475,2,1
0.8615,2,1
0.8608,1,1
0.6477,1,1
0.8604,2,1
0.6481,1,1
0.6482,1,1
0.8585,1,1
0.8583,1,1
0.858,1,1
0.8568,1,1
0.856,1,1
0.8554,1,1
0.8548,1,1
0.6486,1,1
0.8422,1,1
0.8417,1,1
0.8415,2,1
0.8414,2,1
0.6585,2,1
0.8272,2,1
0.6594,1,1
0.6596,2,1
0.8272,1,1
0.8266,2,1
0.8264,2,1
0.8254,1,1
0.66,2,1
0.8249,2,1
0.8238,1,1
0.8235,1,1
0.8232,1,1
0.8231,1,1
0.823,1,1
0.8222,1,1
0.8214,1,1
0.8208,1,1
0.6609999999999999,1,1
0.8204,1,1
0.8198,1,1
0.8197,2,1
0.8196,0,1
0.8192,1,1
0.8191,1,1
0.8187,2,1
0.8182,1,1
0.818,2,1
0.8173,2,1
0.8282,1,1
0.8283,1,1
0.6579,1,1
0.8370000000000001,1,1
0.8404,1,1
0.8401,1,1
0.654,1,1
0.8395,2,1
0.8387,1,1
0.8386,1,1
0.8383,1,1
0.8374,1,1
0.6542,1,1
0.6561,2,1
0.8372,2,1
0.8371,2,1
0.6563,1,1
0.8368,1,1
0.8285,1,1
0.6564,2,1
0.8363,1,1
0.8355,2,1
0.8354,1,1
0.8342,1,1
0.8333,1,1
0.8325,1,1
0.8322,2,1
0.8303,2,1
0.8291,1,1
0.6568,1,1
0.8289,2,1
0.8288,1,1
0.6722,2,1
0.7122,1,1
0.79,0,1
0.6982,1,1
0.7362,2,1
0.7361,2,1
0.6968,1,1
0.736,1,1
0.6976,1,1
0.7359,1,1
0.7358,2,1
0.6977,2,1
0.7357,1,1
0.7344,2,1
0.7341,1,1
0.7340000000000001,1,1
0.7339,1,1
0.6978,1,1
0.7337,1,1
0.7379,1,1
0.6983,1,1
0.6984,1,1
0.6991,1,1
0.6994,1,1
0.6996,1,1
0.6996,2,1
0.733,1,1
0.7313,2,1
0.7311,2,1
0.7303,2,1
0.7298,2,1
0.7291,2,1
0.7275,1,1
0.7273,1,1
0.7376,1,1
0.738,2,1
0.674,1,1
0.7413,2,1
0.7448,1,1
0.7442,2,1
0.7437,1,1
0.7434,1,1
0.743,2,1
0.6929,1,1
0.743,1,1
0.6934,1,1
0.6937,1,1
0.7426,2,1
0.6942,1,1
0.6945,1,1
0.7421,1,1
0.6947,1,1
0.7409,2,1
0.6961,1,1
0.7409,1,1
0.6947,2,1
0.7401,1,1
0.7398,1,1
0.6948,2,1
0.7396,1,1
0.7394,1,1
0.7392,1,1
0.7387,2,1
0.6949,1,1
0.7387,1,1
0.7386,1,1
0.696,1,1
0.7381,1,1
0.6997,1,1
0.7268,1,1
0.7261,1,1
0.7156,1,1
0.7053,1,1
0.7213,1,1
0.7208,1,1
0.7205,2,1
0.7054,2,1
0.7197,2,1
0.7061,1,1
0.7068,1,1
0.7070000000000001,1,1
0.7076,2,1
0.7175,1,1
0.7082,1,1
0.7166,1,1
0.7163,1,1
0.7154,1,1
0.6997,2,1
0.7153,1,1
0.7083,1,1
0.7096,1,1
0.7097,2,1
0.7099,1,1
0.7152,1,1
0.7145,2,1
0.7106,2,1
0.7117,1,1
0.713,1,1
0.7127,2,1
0.7117,2,1
0.7127,1,1
0.7126,1,1
0.7049,2,1
0.7214,1,1
0.7044,1,1
0.7215,1,1
0.6999,1,1
0.726,1,1
0.7258,2,1
0.7258,1,1
0.7008,1,1
0.7008,2,1
0.7256,2,1
0.7255,2,1
0.7253,2,1
0.7252,2,1
0.7019,2,1
0.7247,1,1
0.7237,2,1
0.7021,1,1
0.7027,2,1
0.7028,1,1
0.7237,1,1
0.7235,2,1
0.7233,1,1
0.7232,2,1
0.7232,1,1
0.723,2,1
0.703,1,1
0.7229,1,1
0.7228,1,1
0.7032,1,1
0.7223,1,1
0.7221,2,1
0.7217,1,1
0.6928,2,1
0.7449,2,1
0.7451,1,1
0.7717,2,1
0.7768,1,1
0.677,2,1
0.7764,1,1
0.7759999999999999,2,1
0.6771,2,1
0.7755,2,1
0.7745,1,1
0.7738,2,1
0.6774,1,1
0.6776,1,1
0.7735,1,1
0.7731,1,1
0.6779,1,1
0.7729,1,1
0.7714,1,1
0.7661,1,1
0.6782,0,1
0.7693,1,1
0.6783,1,1
0.6791,1,1
0.6795,1,1
0.6796,1,1
0.7682,2,1
0.768,1,1
0.7678,1,1
0.767,2,1
0.6804,1,1
0.6805,1,1
0.7668,2,1
0.6815,1,1
0.7769,2,1
0.6768,1,1
0.6766,1,1
0.6762,1,1
0.7882,1,1
0.7882,0,1
0.6747,2,1
0.7873,1,1
0.7865,1,1
0.7862,2,1
0.6748,2,1
0.7859,1,1
0.7853,2,1
0.7852,1,1
0.7844,1,1
0.7837,1,1
0.675,2,1
0.7832,1,1
0.7831,2,1
0.7823,1,1
0.6754,1,1
0.7818,1,1
0.7803,2,1
0.78,1,1
0.7797,2,1
0.7794,1,1
0.7788,1,1
0.7787,2,1
0.7785,1,1
0.7782,1,1
0.7779,1,1
0.7775,2,1
0.6761,1,1
0.7663,2,1
0.7659999999999999,0,1
0.7462,1,1
0.6899,1,1
0.7555,1,1
0.755,2,1
0.7542,0,1
0.754,2,1
0.7538,1,1
0.7535,1,1
0.7533,1,1
0.7531,2,1
0.7527,2,1
0.7519,1,1
5.0566,1,1
0.7512,1,1
0.6894,1,1
0.7499,2,1
0.7498,1,1
0.7657,1,1
0.7497,1,1
0.7493,1,1
0.7486,2,1
0.69,1,1
0.7484,1,1
0.6905,1,1
0.7483,1,1
0.7476,1,1
0.7474,1,1
0.7472,1,1
0.7469,1,1
0.691,1,1
0.6915,1,1
0.7463,1,1
0.6893,1,1
0.7556,2,1
0.7561,1,1
0.7566,1,1
0.7647,2,1
0.6836,1,1
0.6837,1,1
0.6843,1,1
0.6846,1,1
0.685,1,1
0.7638,1,1
0.6855,1,1
0.7636,1,1
0.7616,2,1
0.6859,1,1
0.7613,2,1
0.6859999999999999,1,1
0.6872,1,1
0.7609999999999999,1,1
0.7608,1,1
0.7606,2,1
0.7606,1,1
0.76,2,1
0.7599,1,1
0.6877,1,1
0.6878,1,1
0.7595,1,1
0.7592,1,1
0.7591,2,1
0.7586,1,1
0.6879,1,1
0.6890000000000001,2,1
0.6892,1,1
0.8658,1,1
3.3719,1,1
0.8662,1,1
1.0456,1,1
1.0427,1,1
1.0429,1,1
1.043,1,1
1.0432,1,1
1.0433,1,1
1.0446,1,1
1.0451,1,1
1.0453,1,1
1.0459,1,1
1.0106,1,1
1.0459,2,1
1.0467,1,1
1.0469,1,1
1.0472,1,1
1.0474,1,1
1.048,1,1
1.048,2,1
1.0482,1,1
1.0421,1,1
1.042,1,1
1.0418,2,1
1.0418,1,1
1.0378,2,1
1.038,1,1
1.0382,1,1
1.0384,1,1
1.0385,1,1
1.0387,1,1
1.039,2,1
1.0392,1,1
1.0396,1,1
1.0397,2,1
1.04,1,1
1.04,2,1
1.0402,1,1
1.0403,1,1
1.0405,2,1
1.0415,1,1
1.0416,1,1
1.0484,1,1
1.0487,2,1
1.0488,1,1
1.0572,1,1
1.0576,1,1
1.0579,1,1
1.0582,1,1
1.0588,1,1
1.0594,1,1
1.0596,2,1
1.0598,1,1
1.0598,2,1
1.06,1,1
1.0601,1,1
1.0604,1,1
1.0608,1,1
1.0612,1,1
1.0615,1,1
1.0617,1,1
1.062,1,1
1.0621,1,1
1.0574,1,1
1.0571,2,1
1.0490000000000002,1,1
1.0565,1,1
1.0491,2,1
1.0497,1,1
1.0499,1,1
1.0507,1,1
1.0513,2,1
1.0516,1,1
1.0517,1,1
1.0519,1,1
1.0531,1,1
1.0533,1,1
1.0536,2,1
1.0537,1,1
1.0544,1,1
1.0547,2,1
1.0553,2,1
1.0555,1,1
1.0557,2,1
1.0371,1,1
1.0366,1,1
1.0358,1,1
1.0193,1,1
1.0198,1,1
1.0199,1,1
1.0206,1,1
1.0213,1,1
1.0216,1,1
1.0218,1,1
1.022,1,1
1.0221,1,1
1.0222,1,1
1.0222,2,1
1.0224,1,1
1.0227,1,1
1.0228,2,1
1.0235,1,1
1.0236,1,1
1.0237,1,1
1.0243,1,1
1.0196,1,1
1.0188,1,1
1.0255,2,1
1.0187,1,1
1.0126,1,1
1.0128,1,1
1.0129,1,1
1.0131,1,1
1.0133,1,1
1.0135,1,1
1.0141,2,1
1.0144,1,1
1.0145,2,1
1.0146,2,1
1.0151,1,1
1.0163,1,1
1.0164,1,1
1.0168,1,1
1.0174,1,1
4.8165,1,1
4.8052,1,1
1.0254,1,1
1.0258,1,1
1.0357,2,1
1.0319,1,1
1.0328,1,1
1.033,1,1
1.0332,1,1
1.0333,1,1
1.0334,1,1
1.0334,2,1
1.0336,1,1
1.0338,1,1
1.034,1,1
1.0341,1,1
1.0343,1,1
1.0344,1,1
1.0346,2,1
1.0349,1,1
1.0351,2,1
1.0354,1,1
1.0357,1,1
1.0327,1,1
1.0313,1,1
1.0262,1,1
1.0311,2,1
1.0265,1,1
1.0266,2,1
1.0268,1,1
1.0268,2,1
1.027,1,1
1.0271,1,1
1.0271,2,1
1.0279,1,1
1.0284,1,1
1.0296,2,1
1.0297,1,1
1.0301,1,1
1.0304,1,1
1.0305,1,1
1.0307,1,1
1.0309,1,1
1.031,1,1
1.0623,1,1
1.0629,1,1
1.063,2,1
1.0978,2,1
1.0981,1,1
1.0983,1,1
1.0987,2,1
1.0988,1,1
1.099,1,1
1.0992,1,1
1.0993,1,1
1.0997,1,1
1.1004,1,1
1.1007,1,1
1.1011,1,1
1.1012,1,1
1.1016,1,1
1.1017,1,1
1.1025,1,1
1.1029,1,1
1.1031,2,1
1.098,1,1
1.0977,1,1
1.1033,2,1
1.0976,1,1
1.0913,2,1
1.0916,1,1
1.0922,1,1
1.0925,1,1
1.0929,1,1
1.0931,1,1
1.0933,1,1
1.0939,1,1
1.0943,1,1
1.0946,2,1
1.0947,2,1
1.0949,2,1
1.096,1,1
1.0963,1,1
1.0965,1,1
1.0969,1,1
1.0973,1,1
1.1033,1,1
1.1035,1,1
1.0909,1,1
1.1085,1,1
1.1096,1,1
1.1097,1,1
1.1099,1,1
1.1102,1,1
1.1103,2,1
1.1106,1,1
1.1108,1,1
1.1111,2,1
1.1113,2,1
1.1116,1,1
1.112,2,1
1.1121,1,1
1.1123,1,1
1.1124,1,1
1.1127,1,1
1.1128,1,1
1.113,1,1
1.1086,2,1
1.1084,1,1
1.104,1,1
1.1083,1,1
1.1042,1,1
1.1044,1,1
1.1045,1,1
4.4104,1,1
1.105,1,1
1.1052,1,1
1.1053,1,1
1.1054,2,1
1.1057,1,1
1.1058,1,1
1.1062,1,1
1.1062,2,1
1.1072,2,1
1.1073,1,1
1.1075,1,1
1.1076,1,1
1.1077,1,1
1.091,1,1
1.0903,1,1
1.0633,1,1
1.0702,1,1
1.071,1,1
1.0711,1,1
1.0712,1,1
1.0713,1,1
1.0714,1,1
1.0715,1,1
4.7301,2,1
1.0718,1,1
1.0719,1,1
1.0721,1,1
1.0727,2,1
1.0733,1,1
1.0738,1,1
1.0739,1,1
1.0742,1,1
1.0743,1,1
1.0752,1,1
1.0709,1,1
1.0701,1,1
1.0758,1,1
1.0696,1,1
1.0641,1,1
1.0642,1,1
1.0649,1,1
1.065,1,1
1.0653,1,1
1.0655,1,1
1.0657,1,1
1.0657,2,1
1.0659,1,1
1.0662,1,1
1.0666,2,1
1.0677,1,1
1.0685,1,1
1.0686,1,1
1.0689,1,1
1.0691,1,1
1.0694,1,1
1.0756,1,1
1.0766,1,1
1.0898,2,1
1.0843,1,1
1.0852,1,1
1.0854,1,1
1.0858,1,1
1.0859,2,1
1.0864,1,1
1.0865,1,1
1.0866,1,1
1.0868,1,1
1.0869,1,1
1.0875,1,1
1.0885,1,1
1.0886,1,1
1.0888,1,1
1.089,1,1
1.0894,1,1
1.0895,1,1
1.0898,1,1
1.0849,1,1
1.0835,1,1
1.0768,1,1
1.0834,1,1
1.0774,2,1
1.0775,1,1
1.0783,1,1
1.0787,1,1
1.0788,2,1
1.0789,2,1
1.079,1,1
1.0792,1,1
1.0795,1,1
1.0801,2,1
1.0802,1,1
1.0803,1,1
1.0809,2,1
4.5008,2,1
1.0824,1,1
1.0826,1,1
1.0828,1,1
1.0112,2,1
1.0105,1,1
0.8666,2,1
0.9219,1,1
0.9188,1,1
0.9192,1,1
0.9203,2,1
0.9204,1,1
0.9209,0,1
0.9212,1,1
0.9216,1,1
0.9218,1,1
0.9221,1,1
1.0104,1,1
0.9224,1,1
0.9228,1,1
0.923,1,1
0.9234,1,1
0.9244,2,1
0.9246,1,1
0.9249,1,1
0.9252,1,1
0.9188,0,1
0.9186,1,1
0.9183,1,1
0.918,2,1
0.9052,1,1
0.9065,1,1
0.9069,1,1
0.9074,1,1
0.9079,1,1
0.908,1,1
0.9086,1,1
0.9088,1,1
0.9106,1,1
0.9111,1,1
0.9114,2,1
0.9123,1,1
0.913,1,1
0.9145,1,1
0.917,1,1
0.9173,1,1
0.918,1,1
0.9253,1,1
0.9263,1,1
0.9271,1,1
0.9346,2,1
0.9378,1,1
0.9378,2,1
0.9386,1,1
0.9392,1,1
0.9394,1,1
0.9401,1,1
0.9407,1,1
0.9413,1,1
0.9416,1,1
0.9417,1,1
0.9429,2,1
0.9432,2,1
0.9437,2,1
0.9439,1,1
0.9442,2,1
0.9446,1,1
0.9451,1,1
0.9359,1,1
0.9341,1,1
0.9276,2,1
0.9337,1,1
0.9278,2,1
0.9285,1,1
0.9287,1,1
0.9289,1,1
0.9291,1,1
0.9295,1,1
0.9295,2,1
0.9298,1,1
0.9299,1,1
0.9301,2,1
0.9306,1,1
0.9313,1,1
0.9317,2,1
0.9319,2,1
0.9325,1,1
0.9326,1,1
0.9328,1,1
0.9043,2,1
0.9037,1,1
0.9033,1,1
0.8758,1,1
0.8762,1,1
0.8765,1,1
0.8767,1,1
0.8769,2,1
0.8781,2,1
0.8786,2,1
0.8796,1,1
0.8801,2,1
0.8803,1,1
0.8808,1,1
0.8809999999999999,1,1
0.8812,1,1
0.8814,1,1
0.8816,1,1
0.8828,2,1
0.8832,2,1
0.8842,1,1
0.8761,1,1
0.8756,1,1
0.8849,2,1
0.8751,2,1
0.8675,1,1
0.8678,1,1
0.8685,1,1
0.8689,2,1
0.8697,2,1
0.8698,1,1
0.8703,2,1
0.8715,1,1
0.8724,1,1
0.8725,1,1
0.8725,2,1
0.8727,1,1
0.8728,1,1
0.873,1,1
0.8736,1,1
0.8739,1,1
0.875,1,1
0.8843,1,1
0.8852,2,1
0.9031,1,1
0.8961,2,1
0.8966,1,1
0.8967,2,1
0.8972,1,1
0.8973,1,1
0.8976,2,1
0.8987,2,1
0.8988,1,1
0.899,2,1
0.8995,1,1
0.8996,2,1
0.9,1,1
0.9006,2,1
0.9019,1,1
0.9024,2,1
0.9026,0,1
0.9028,1,1
0.9029,1,1
0.8963,1,1
0.8958,1,1
0.8855,2,1
0.8954,2,1
0.8873,1,1
0.8877,1,1
0.8883,1,1
0.8889,1,1
0.8892,2,1
0.8894,2,1
0.8895,1,1
0.8904,1,1
0.8907,1,1
0.8908,1,1
0.8913,2,1
0.8918,2,1
0.8921,1,1
0.8929,1,1
0.8936,1,1
0.8943,1,1
0.8949,2,1
0.9451,2,1
0.9455,1,1
0.946,2,1
0.9934,1,1
0.9938,1,1
0.9945,2,1
0.9952,1,1
0.9962,2,1
0.9965,1,1
0.9972,0,1
0.9972,1,1
0.9973,1,1
0.9974,1,1
0.9985,1,1
0.9988,1,1
0.999,1,1
0.9997,1,1
4.9783,1,1
4.9584,2,1
4.9556,1,1
1.0001,1,1
0.9935,1,1
0.9932,1,1
1.0004,1,1
0.9929,2,1
0.9847,2,1
0.9857,1,1
0.9859,1,1
0.9863,1,1
0.9865,1,1
0.9872,2,1
0.9874,2,1
0.9876,1,1
0.9892,1,1
0.9894,1,1
0.9902,1,1
0.9906,1,1
0.9907,1,1
0.9917,1,1
0.992,1,1
0.9921,1,1
0.9922,1,1
1.0003,1,1
1.0008,1,1
0.9844,2,1
1.0069,1,1
1.0072,1,1
1.0073,1,1
1.0074,2,1
1.0075,1,1
1.0077,2,1
1.0079,1,1
1.0081,2,1
1.0082,1,1
1.0083,1,1
1.0085,1,1
1.0089,1,1
1.0094,2,1
1.0095,1,1
1.0095,2,1
1.0097,1,1
1.0102,1,1
1.0103,1,1
1.0071,1,1
1.0068,1,1
1.0013,1,1
1.0065,1,1
1.0015,1,1
1.0016,1,1
1.0017,1,1
1.0019,1,1
1.0022,1,1
1.0027,2,1
1.003,1,1
1.003,2,1
1.0032,1,1
1.0034,1,1
1.0035,1,1
1.0039,1,1
4.8811,1,1
1.0051,1,1
1.0052,1,1
1.0056,1,1
1.0064,1,1
0.9845,1,1
0.9842,1,1
0.9476,1,1
0.9566,1,1
0.9578,1,1
0.9579,1,1
0.9584,1,1
0.9589,1,1
0.9592,2,1
0.9594,1,1
0.9595,2,1
0.9605,1,1
0.9617,1,1
0.9623,2,1
0.9629,1,1
0.9632,1,1
0.9639,2,1
0.9643,2,1
0.9644,2,1
0.9649,2,1
0.965,2,1
0.9576,2,1
0.9563,1,1
0.9667,1,1
0.9551,2,1
0.9481,2,1
0.9494,2,1
0.9499,1,1
0.9501,1,1
0.9506,1,1
0.9507,0,1
0.9517,1,1
0.9527,1,1
0.9528,1,1
0.9536,1,1
0.9536,2,1
0.9537,1,1
0.954,1,1
0.9544,1,1
0.9545,1,1
0.9546,2,1
0.9551,1,1
0.9661,2,1
0.9669,2,1
0.9838,2,1
0.9745,2,1
0.9759,2,1
0.976,1,1
0.9762,2,1
0.9785,1,1
0.9786,1,1
0.9793,1,1
0.9798,2,1
0.9809,1,1
0.981,1,1
0.9813,1,1
0.9815,1,1
0.9817,1,1
0.9817,2,1
0.9819,1,1
0.9824,2,1
0.9831,1,1
0.9834,1,1
0.9757,2,1
0.9745,1,1
0.9671,1,1
0.9741,2,1
0.9672,2,1
0.9673,1,1
0.9673,2,1
0.9678,1,1
0.9697,2,1
0.9703,1,1
0.9703,2,1
0.9705,2,1
0.9708,2,1
0.971,2,1
0.9716,1,1
0.9721,2,1
0.9722,2,1
0.9726,1,1
0.973,2,1
0.9731,2,1
0.9736,1,1
0.9112,1,1
0.6059,1,1
0.6455,2,1
0.1408,1,1
0.1911,1,1
0.1912,1,1
0.1914,0,1
0.1914,1,1
0.1918,1,1
0.192,2,1
0.1922,2,1
0.1926,1,1
0.1939,1,1
0.194,1,1
0.1943,1,1
0.1948,2,1
0.1949,1,1
0.1952,1,1
0.1953,1,1
0.1955,1,1
0.1959,1,1
0.1961,2,1
0.1963,1,1
0.191,1,1
0.1906,1,1
0.1904,1,1
0.1834,1,1
0.1799,2,1
0.1807,1,1
0.1812,0,1
0.1819,2,1
0.1821,1,1
0.1825,2,1
0.1828,1,1
0.183,1,1
0.1837,1,1
0.1897,1,1
0.1839,1,1
0.1842,1,1
0.1843,2,1
0.1867,1,1
0.1871,1,1
0.188,2,1
0.1894,1,1
0.1896,1,1
0.1973,1,1
0.1974,1,1
0.1978,2,1
0.2092,1,1
0.2071,2,1
0.2074,1,1
0.2075,1,1
0.2082,1,1
0.2082,2,1
0.2086,0,1
0.2087,2,1
0.2091,1,1
0.2098,2,1
0.2056,1,1
0.21,1,1
0.2106,1,1
0.2108,1,1
0.2111,1,1
5.5188,1,1
0.2115,1,1
0.2118,1,1
0.2123,1,1
0.2069,2,1
0.2052,1,1
0.1984,1,1
0.2015,1,1
0.1984,2,1
0.1987,1,1
0.1991,1,1
0.1997,1,1
0.2001,1,1
0.2001,2,1
0.2003,1,1
0.2014,2,1
0.2021,1,1
0.205,2,1
0.2027,1,1
0.2029,2,1
0.203,0,1
0.2033,1,1
0.2038,1,1
0.2038,2,1
5.5586,2,1
0.2045,1,1
0.1798,2,1
0.1796,1,1
0.1791,1,1
0.155,1,1
0.1506,1,1
0.151,0,1
0.1512,1,1
0.1517,1,1
0.1522,1,1
0.153,1,1
5.5637,1,1
0.1547,1,1
0.1552,1,1
0.1503,1,1
0.1553,1,1
0.1555,1,1
0.156,1,1
0.1567,1,1
0.1572,1,1
0.158,1,1
0.1584,1,1
0.159,1,1
0.1505,2,1
0.1497,1,1
0.1598,1,1
0.1451,2,1
0.1416,1,1
0.1417,1,1
0.1427,1,1
0.1432,1,1
0.1435,2,1
0.1439,2,1
0.14400000000000002,1,1
0.1449,2,1
0.1456,2,1
0.1496,1,1
0.1466,2,1
0.1469,2,1
0.1478,2,1
0.1485,1,1
0.1488,2,1
0.149,2,1
0.1493,1,1
0.1495,1,1
0.1595,2,1
0.16,1,1
0.179,2,1
0.1743,1,1
0.1708,1,1
0.1711,2,1
0.1714,1,1
0.1716,1,1
0.1722,1,1
0.1732,2,1
0.1733,1,1
0.1739,1,1
0.1751,1,1
0.1701,2,1
0.1754,1,1
0.1755,1,1
0.1756,1,1
0.1765,1,1
0.1765,2,1
0.1774,1,1
0.1784,1,1
0.179,1,1
0.1704,2,1
0.16899999999999998,1,1
0.1601,1,1
0.16399999999999998,2,1
0.1603,2,1
0.1608,1,1
0.1613,1,1
0.1623,2,1
0.1624,1,1
0.1631,1,1
0.1634,2,1
0.1637,1,1
0.1643,1,1
0.1689,2,1
0.1647,1,1
0.1649,2,1
0.1651,1,1
0.1655,2,1
0.166,2,1
0.1671,1,1
0.1685,2,1
0.1687,2,1
0.2141,2,1
0.2145,2,1
0.2147,1,1
0.2705,2,1
0.2665,1,1
0.2674,2,1
0.2675,1,1
0.2688,1,1
0.2694,1,1
0.2695,1,1
0.2701,1,1
0.2705,1,1
0.2709,1,1
0.2653,1,1
0.271,1,1
0.2712,2,1
0.2715,1,1
0.2718,1,1
0.2726,2,1
0.2731,0,1
0.2732,1,1
0.2735,1,1
0.2661,1,1
0.2648,2,1
0.2747,1,1
0.2618,2,1
0.2587,2,1
0.2589,1,1
0.2592,1,1
0.2593,1,1
0.2593,2,1
0.2608,1,1
0.2611,1,1
0.2611,2,1
0.2624,1,1
0.2646,1,1
0.2629,1,1
0.2631,1,1
0.2634,1,1
0.2635,1,1
0.2636,1,1
0.2637,2,1
0.2639,1,1
0.2641,1,1
0.2744,1,1
0.2752,1,1
0.2575,2,1
0.2929,2,1
0.2895,1,1
0.2896,1,1
0.2906,1,1
0.2909,1,1
0.29100000000000004,2,1
0.2925,1,1
0.2927,1,1
0.2927,2,1
0.293,1,1
0.287,2,1
0.2931,2,1
0.2935,1,1
0.2949,1,1
0.2964,2,1
0.2965,1,1
0.2965,2,1
0.2968,2,1
0.2971,2,1
0.2872,1,1
0.287,1,1
0.2763,1,1
0.28,2,1
0.2767,1,1
0.2769,0,1
0.2771,2,1
0.2772,2,1
0.2778,1,1
0.2781,1,1
0.2783,1,1
0.2795,1,1
0.2819,1,1
0.2866,1,1
0.2823,2,1
0.2832,1,1
0.2835,2,1
0.284,1,1
0.2844,2,1
0.2851,1,1
0.2862,1,1
0.2863,1,1
0.2585,1,1
0.257,2,1
0.215,1,1
0.2324,1,1
0.2271,1,1
0.2292,1,1
0.2314,1,1
0.2317,1,1
0.2317,2,1
0.2318,2,1
0.232,1,1
0.232,2,1
0.2327,2,1
0.2269,1,1
0.2343,1,1
0.236,1,1
0.2365,1,1
0.2371,1,1
0.2375,1,1
0.2378,1,1
0.2378,2,1
0.2384,2,1
0.227,1,1
0.2263,1,1
0.2389,2,1
0.2194,1,1
0.2157,1,1
0.2161,1,1
0.2164,1,1
0.2169,2,1
0.2177,2,1
0.2179,2,1
0.2189,1,1
0.219,2,1
0.2207,2,1
0.2252,2,1
0.2208,2,1
0.2219,2,1
0.222,2,1
0.2227,1,1
0.2236,2,1
0.2243,1,1
0.2248,1,1
0.2249,2,1
0.2389,1,1
0.2392,1,1
0.257,1,1
0.2536,2,1
0.2514,1,1
0.2517,2,1
0.252,2,1
0.2521,1,1
0.2522,1,1
0.2523,1,1
0.2532,1,1
0.2532,2,1
0.2541,1,1
0.2502,1,1
0.2541,2,1
0.2546,1,1
0.2547,2,1
0.2548,2,1
0.2555,2,1
0.2562,2,1
0.2566,1,1
0.2567,1,1
0.2506,1,1
0.2501,2,1
0.2394,1,1
0.2426,1,1
0.2399,2,1
0.2407,1,1
0.2415,1,1
0.2418,2,1
0.2419,1,1
0.242,1,1
0.2423,2,1
0.2425,2,1
0.2433,1,1
0.2499,1,1
0.2435,2,1
0.2449,2,1
0.2453,1,1
0.2476,2,1
0.2477,1,1
0.2478,2,1
0.249,1,1
0.2494,2,1
0.1415,1,1
0.1406,2,1
0.6454,1,1
0.1401,2,1
0.041,2,1
0.0415,1,1
0.0416,2,1
0.0435,2,1
0.0436,1,1
0.0437,2,1
0.0438,1,1
0.0453,1,1
0.0458,2,1
0.0461,1,1
0.0463,2,1
0.0468,1,1
0.0469,2,1
0.047,1,1
0.047,2,1
0.0477,2,1
0.0478,1,1
0.0481,1,1
0.0484,2,1
0.0409,2,1
0.0407,1,1
0.0406,1,1
0.0373,1,1
0.035,1,1
0.0356,1,1
0.036000000000000004,2,1
0.0362,1,1
0.0366,1,1
0.0367,2,1
0.0369,1,1
0.0371,2,1
0.0376,1,1
0.0401,1,1
0.0376,2,1
0.038,1,1
0.0385,1,1
0.0386,2,1
0.0387,0,1
0.0389,2,1
0.039,1,1
0.0398,2,1
0.0485,2,1
0.0486,1,1
0.0492,2,1
0.0612,2,1
0.058,1,1
0.0583,2,1
0.0586,1,1
0.0587,1,1
0.0588,1,1
0.0588,2,1
0.0599,0,1
0.0603,1,1
0.0618,1,1
0.057,2,1
0.062,1,1
0.0625,2,1
0.0636,2,1
0.0643,1,1
0.0647,1,1
0.0649,1,1
0.065,1,1
0.0656,1,1
0.0579,1,1
0.0565,1,1
0.0493,2,1
0.0517,1,1
0.0495,2,1
0.0496,1,1
0.0497,2,1
0.0498,1,1
0.0505,2,1
0.0507,1,1
0.0511,1,1
0.0515,1,1
0.052000000000000005,1,1
0.0561,1,1
0.0531,1,1
0.0535,2,1
0.0536,1,1
0.0542,1,1
0.0554,1,1
0.0555,1,1
0.0558,2,1
0.0559,2,1
0.0349,1,1
0.0344,1,1
0.0339,1,1
0.0112,1,1
0.0093,1,1
0.0094,1,1
0.0095,1,1
5.9912,2,1
0.0097,1,1
0.0098,1,1
0.0104,1,1
0.0106,2,1
0.0118,2,1
0.0086,1,1
0.0119,1,1
0.012,1,1
0.0121,1,1
0.0122,2,1
0.0138,1,1
0.0145,2,1
0.015,1,1
0.0161,1,1
0.0091,1,1
0.0085,2,1
0.0168,1,1
0.0033,1,1
6.7165,1,1
6.0,2,1
0.0003,2,1
0.0007,1,1
0.0016,2,1
0.0019,1,1
0.0029,1,1
0.0031,1,1
0.0038,1,1
0.0079,2,1
0.0041,1,1
0.0049,2,1
0.0052,2,1
0.0053,2,1
0.0054,1,1
0.0055,1,1
0.0066,1,1
0.0067,1,1
0.0165,1,1
0.0169,1,1
0.0338,1,1
0.0279,2,1
0.0253,1,1
0.0259,1,1
0.026,1,1
0.0265,1,1
0.0267,2,1
0.0268,2,1
0.0277,2,1
0.0278,1,1
0.0285,1,1
0.0246,1,1
0.0288,2,1
0.0295,2,1
0.0298,1,1
0.0299,1,1
0.0307,1,1
0.0314,1,1
0.0327,1,1
0.0328,1,1
0.0248,2,1
0.0245,1,1
0.0188,1,1
0.022,2,1
0.02,1,1
0.0201,1,1
0.0201,2,1
0.0208,1,1
0.0211,1,1
0.0213,1,1
0.0216,2,1
0.022,1,1
0.0224,2,1
0.0244,1,1
0.0225,2,1
0.0228,1,1
0.0228,2,1
0.0229,2,1
0.0231,1,1
0.0231,2,1
0.0233,1,1
0.0235,1,1
0.0656,2,1
0.0662,1,1
0.0666,1,1
0.1163,2,1
0.1109,2,1
0.1121,1,1
0.1128,1,1
0.1137,2,1
0.1147,1,1
0.1159,1,1
0.1161,1,1
0.1163,1,1
0.1179,2,1
0.1107,1,1
0.1185,2,1
0.1187,1,1
0.1188,2,1
0.1195,2,1
0.1198,1,1
0.1208,1,1
0.1215,1,1
0.1215,2,1
0.1109,1,1
0.1106,1,1
0.1228,1,1
0.107,1,1
0.1044,1,1
0.105,0,1
0.105,2,1
0.1056,1,1
0.1057,0,1
0.1057,1,1
0.1062,1,1
0.1064,1,1
0.1073,1,1
0.1105,2,1
0.1081,1,1
0.1084,1,1
0.1086,1,1
0.1087,1,1
0.1094,1,1
0.1101,1,1
0.1101,2,1
0.1105,1,1
0.122,1,1
0.123,2,1
0.104,1,1
0.1365,1,1
0.131,2,1
0.1312,1,1
0.1324,1,1
0.1346,1,1
0.1348,2,1
0.1351,2,1
0.1353,1,1
0.1354,1,1
0.13699999999999998,2,1
0.1294,1,1
0.1377,2,1
0.1379,2,1
0.1382,2,1
0.1383,2,1
0.1384,1,1
0.1385,1,1
0.1386,2,1
0.1394,2,1
0.1305,2,1
0.1291,1,1
0.1232,2,1
0.1261,1,1
0.1233,1,1
5.5939,2,1
0.1241,0,1
0.125,1,1
0.1252,2,1
0.1256,1,1
0.1258,1,1
0.126,2,1
0.1264,1,1
0.1287,1,1
0.1265,2,1
0.1268,2,1
0.1269,1,1
0.1274,1,1
0.1278,1,1
0.128,2,1
0.1283,1,1
0.1285,1,1
0.1041,1,1
0.1036,2,1
0.0668,2,1
0.0822,1,1
0.0786,1,1
0.0791,2,1
0.0792,1,1
0.0797,1,1
0.0799,1,1
0.0801,1,1
0.0801,2,1
0.0806,1,1
0.0828,2,1
0.0775,1,1
0.0832,1,1
0.0836,1,1
0.0839,2,1
0.0853,2,1
0.0854,1,1
0.0864,2,1
0.0866,1,1
0.0867,2,1
0.0782,1,1
0.0773,2,1
0.0873,1,1
0.0711,1,1
0.0673,1,1
0.0677,1,1
0.0678,1,1
0.0683,2,1
0.069,1,1
0.0698,1,1
0.07,1,1
0.0707,1,1
0.0713,1,1
0.0764,2,1
0.0715,1,1
0.0716,2,1
0.07200000000000001,1,1
0.0721,1,1
0.0726,1,1
0.0741,1,1
0.0757,1,1
0.076,1,1
0.0868,1,1
0.0875,2,1
0.1036,1,1
0.0986,2,1
0.0955,2,1
0.0961,1,1
0.0971,1,1
0.0973,1,1
0.0974,1,1
0.0979,1,1
0.098,1,1
0.0985,2,1
0.0989,2,1
0.0948,2,1
0.0997,1,1
0.1008,1,1
0.1009,1,1
0.1016,2,1
0.1019,1,1
0.1021,1,1
0.1025,2,1
0.1032,1,1
0.0952,1,1
0.0946,1,1
0.0876,2,1
0.0901,1,1
0.0881,2,1
0.0882,1,1
0.0889,1,1
0.0891,1,1
0.0892,2,1
0.0896,1,1
0.0898,1,1
0.09,1,1
0.0903,2,1
0.0937,1,1
0.0905,1,1
0.0905,2,1
0.0906,1,1
0.0919,2,1
0.0922,1,1
0.0924,1,1
0.0932,1,1
0.0934,2,1
0.2976,1,1
0.2979,0,1
0.2989,1,1
0.2992,2,1
0.5341,1,1
0.5342,1,1
0.5349,1,1
0.5352,1,1
0.5356,1,1
0.5359,1,1
0.536,1,1
0.5369,2,1
0.5372,2,1
0.5376,2,1
0.5382,2,1
0.5383,2,1
0.5386,1,1
0.5408,1,1
0.5418,2,1
0.5425,2,1
0.5428,1,1
0.5431,0,1
0.5435,0,1
0.5339,1,1
0.5334,2,1
0.5334,1,1
0.5289,1,1
0.5231,1,1
0.5244,1,1
0.5253,1,1
0.5253,2,1
0.5263,0,1
0.5268,1,1
0.5271,1,1
0.5285,1,1
0.5293,1,1
0.5333,1,1
0.5293,2,1
0.5295,2,1
0.5303,2,1
0.5311,2,1
0.5323,2,1
0.5326,1,1
0.5329,2,1
0.5329999999999999,2,1
0.5438,1,1
0.5447,2,1
0.5449,1,1
0.5564,1,1
0.5529999999999999,2,1
0.5536,1,1
0.5544,1,1
0.5547,2,1
0.5549,1,1
0.5549,2,1
0.5554,2,1
0.5562,1,1
0.5568,2,1
0.5519,1,1
0.557,2,1
0.5574,2,1
0.5582,1,1
0.5594,1,1
0.5597,2,1
0.5607,2,1
0.5614,1,1
0.5624,1,1
0.5529,1,1
0.5516,1,1
0.545,1,1
0.5493,2,1
0.5451,1,1
0.5462,2,1
0.5463,1,1
0.5467,1,1
0.5471,1,1
0.5472,1,1
0.5479999999999999,1,1
0.5484,1,1
0.5498,1,1
0.5515,2,1
0.5502,2,1
0.5504,1,1
0.5505,1,1
0.5506,1,1
0.5509,1,1
0.551,2,1
0.5511,1,1
0.5514,1,1
0.523,1,1
0.5221,1,1
0.5215,2,1
0.4885,1,1
0.4849,1,1
0.485,0,1
0.4856,2,1
0.4857,2,1
0.4858,1,1
0.4861,2,1
0.4874,1,1
0.4877,1,1
0.489,1,1
0.4839,1,1
0.4899,0,1
0.4907,1,1
0.4907,2,1
0.4912,1,1
0.4917,2,1
0.494,2,1
0.4944,1,1
0.4945,1,1
0.4846,1,1
0.4833,2,1
0.4965,2,1
0.4765,1,1
0.4701,2,1
0.4704,1,1
0.4708,1,1
0.4712,1,1
0.4723,1,1
0.473,1,1
0.4739,1,1
0.4753,1,1
0.4766,2,1
0.4822,1,1
0.4767,1,1
0.4772,2,1
0.4774,2,1
0.481,1,1
0.4811,0,1
0.4811,1,1
0.4819,1,1
0.4821,1,1
0.4947,1,1
0.4966,1,1
0.5212,0,1
0.5154,1,1
0.512,1,1
0.5122,1,1
0.5123,1,1
0.5146,1,1
0.5149,2,1
0.515,2,1
0.5151,1,1
0.5152,1,1
0.5188,1,1
0.5113,2,1
0.5191,1,1
0.5195,1,1
0.5203,1,1
0.5206,2,1
0.5207,2,1
0.5209,1,1
0.521,2,1
0.5211,1,1
0.5116,1,1
0.5089,1,1
0.4967,1,1
0.5012,2,1
0.4970000000000001,2,1
0.4985,1,1
0.4988,1,1
0.4988,2,1
0.499,1,1
0.4991,1,1
0.4992,0,1
0.5008,1,1
0.5019,1,1
0.5081,1,1
0.5025,1,1
0.5027,1,1
0.5029,1,1
0.5032,2,1
0.5042,1,1
0.5057,1,1
0.5061,1,1
0.5073,1,1
0.5634,1,1
0.5637,1,1
0.5639,1,1
0.6173,1,1
0.6133,1,1
0.6136,1,1
0.6136,2,1
0.6141,1,1
0.6143,1,1
0.6154,2,1
0.6158,0,1
0.6159,1,1
0.6188,1,1
0.6121,2,1
0.6204,1,1
0.6211,2,1
0.6218,2,1
0.622,2,1
0.6225,1,1
0.6228,1,1
0.6229,1,1
0.623,1,1
0.6131,1,1
0.6113,1,1
0.6232,1,1
0.6077,1,1
0.6035,1,1
0.6036,1,1
0.6042,2,1
0.6051,1,1
0.6052,2,1
0.6058,1,1
1.1131,2,1
0.6074,2,1
0.608,1,1
0.611,2,1
0.6081,2,1
0.609,1,1
0.6091,1,1
0.6093,1,1
0.6093,2,1
0.6097,1,1
0.61,2,1
0.6108,1,1
0.6231,1,1
0.6232,2,1
0.6026,1,1
0.6401,1,1
0.6366,1,1
0.6369,1,1
0.6377,1,1
0.638,1,1
0.6383,2,1
0.6388,0,1
0.639,1,1
0.6392,1,1
0.6404,1,1
0.6357,2,1
0.6413,1,1
0.6422,1,1
0.6428,1,1
0.6437,1,1
0.6439,2,1
0.6443,2,1
0.6444,1,1
0.6449,1,1
0.6359,2,1
0.6353,1,1
0.6242,1,1
0.6301,2,1
0.6246,1,1
0.6249,2,1
0.6264,0,1
0.6274,2,1
0.6275,2,1
0.6283,2,1
0.6287,1,1
0.6299,1,1
0.6306,1,1
0.6333,2,1
0.631,2,1
0.6314,1,1
0.6317,1,1
0.6321,2,1
0.6324,1,1
0.6329,1,1
0.6331,1,1
0.6332,1,1
0.603,1,1
0.6024,1,1
0.564,2,1
0.579,1,1
0.5762,2,1
0.5768,1,1
0.5770000000000001,1,1
0.5779,1,1
0.5782,1,1
0.5782,2,1
0.5786,1,1
0.5787,1,1
0.5792,1,1
0.5744,2,1
0.5793,1,1
0.5794,1,1
0.5796,2,1
0.5797,1,1
0.5799,2,1
0.5812,0,1
0.5815,1,1
0.5824,2,1
0.5751,1,1
0.5735,1,1
0.5836,1,1
0.5691,1,1
0.5647,1,1
0.5656,2,1
0.5657,1,1
0.5657,2,1
0.5667,2,1
0.5674,1,1
0.5675,1,1
0.5686,1,1
0.5692,2,1
0.5733,2,1
0.5706,2,1
0.5709,1,1
0.5711,1,1
0.5724,1,1
0.5728,1,1
0.573,0,1
0.573,1,1
0.5732,1,1
0.5835,2,1
0.5842,1,1
0.6022,2,1
0.5954,1,1
0.5918,1,1
0.5932,1,1
0.5934,2,1
0.5935,1,1
0.5938,2,1
0.5947,1,1
0.5948,2,1
0.5951,1,1
0.5956,1,1
0.5908,1,1
0.5971,2,1
0.5978,1,1
0.5982,2,1
0.5983,1,1
0.5993,1,1
0.6004,2,1
0.601,2,1
0.6022,1,1
0.5909,2,1
0.5904,1,1
0.5844,1,1
0.5864,1,1
0.5845,1,1
0.5856,1,1
0.5856,2,1
0.5857,1,1
5.0808,2,1
0.586,1,1
0.586,2,1
0.5863,1,1
0.5865,1,1
0.59,1,1
0.5869,1,1
0.5873,1,1
0.5877,1,1
0.5878,1,1
0.5889,1,1
0.589,1,1
0.5892,1,1
0.5895,1,1
0.4701,1,1
0.4699,2,1
0.4697,1,1
0.3517,2,1
0.3478,1,1
5.339,1,1
0.3498,1,1
0.3505,1,1
0.3508,1,1
0.35100000000000003,2,1
0.3511,1,1
0.3512,1,1
0.3531,0,1
0.3472,1,1
0.3531,1,1
0.3531,2,1
0.3534,1,1
0.3537,2,1
0.3538,2,1
0.3545,1,1
0.3546,2,1
0.3547,1,1
0.3473,0,1
0.3471,2,1
0.3549,1,1
0.3409,1,1
0.3384,0,1
0.3388,2,1
0.339,1,1
0.3392,1,1
0.3393,1,1
0.3395,2,1
0.34,1,1
0.3409,0,1
0.3411,1,1
0.3467,1,1
0.3414,1,1
0.3414,2,1
0.3416,2,1
0.3428,1,1
0.3433,2,1
0.3435,1,1
0.3438,2,1
0.3439,1,1
0.3548,1,1
0.3551,1,1
0.3376,1,1
0.3704,1,1
0.3648,1,1
0.3651,1,1
0.3654,1,1
0.3663,2,1
0.3669,1,1
0.3681,1,1
0.3682,1,1
0.3703,1,1
0.3705,2,1
0.364,2,1
0.3707,1,1
0.3709,2,1
0.3713,2,1
0.3719,1,1
0.3721,1,1
0.3739,2,1
0.3755,1,1
0.3758,1,1
0.3647,1,1
0.3628,2,1
0.3554,1,1
0.3595,2,1
0.3556,2,1
0.3561,1,1
0.3575,2,1
0.3576,1,1
0.3577,1,1
0.3581,0,1
0.3587,1,1
0.3593,2,1
0.3604,1,1
0.3624,1,1
0.3606,1,1
0.3606,2,1
0.3607,2,1
0.3608,1,1
0.3616,1,1
0.3616,2,1
0.3619,1,1
0.3621,1,1
0.338,1,1
0.3372,1,1
0.377,1,1
0.3123,1,1
0.3082,2,1
0.3085,2,1
0.3087,1,1
0.3099,2,1
0.3103,1,1
0.3112,1,1
0.3118,2,1
0.3121,1,1
0.3124,1,1
0.3077,1,1
0.3128,1,1
0.3131,1,1
0.3132,1,1
0.3135,0,1
0.3135,1,1
0.3139,1,1
0.3141,2,1
0.3144,1,1
0.3079,1,1
0.3071,2,1
0.3149,2,1
0.3018,1,1
0.2997,1,1
0.2998,1,1
0.2999,1,1
0.3007,2,1
0.301,1,1
0.3014,1,1
0.3015,2,1
0.3016,2,1
0.3025,1,1
0.3062,2,1
0.3034,1,1
0.3038,2,1
0.3044,1,1
0.3049,2,1
0.305,2,1
0.3052,1,1
0.3053,0,1
0.3056,1,1
0.3145,1,1
0.3153,2,1
0.3366,2,1
0.33,2,1
0.3271,1,1
0.3276,1,1
0.3286,2,1
0.3287,1,1
0.3292,2,1
0.3295,1,1
0.3297,1,1
0.3297,2,1
0.3303,1,1
0.3263,1,1
0.3305,2,1
0.3315,1,1
0.3331,1,1
0.3341,1,1
0.3352,1,1
0.3354,2,1
0.3361,1,1
0.3365,1,1
0.3269,1,1
0.326,1,1
0.3163,1,1
0.3216,1,1
0.3164,1,1
0.3165,1,1
0.3179,1,1
0.3186,1,1
0.3198,1,1
0.3198,2,1
0.32,1,1
0.3206,1,1
0.322,0,1
0.3259,2,1
0.3224,2,1
0.3243,2,1
0.3244,1,1
0.3245,1,1
0.3246,1,1
0.3248,1,1
0.325,1,1
0.3255,1,1
0.3762,1,1
0.3774,1,1
0.4693,1,1
0.4403,1,1
0.4353,2,1
0.4354,1,1
0.4365,2,1
0.4369,1,1
0.4381,1,1
0.4384,1,1
0.4399,1,1
0.4402,2,1
0.4404,1,1
0.435,2,1
0.4407,1,1
0.4413,1,1
0.4414,1,1
0.4419,0,1
0.443,2,1
0.4439,1,1
0.4447,1,1
0.4454,2,1
0.4351,2,1
0.4349,1,1
0.4466,1,1
0.4296,1,1
0.4264,1,1
0.4265,2,1
0.4268,0,1
0.4268,1,1
0.4270000000000001,1,1
0.4282,2,1
0.4287,1,1
0.4293,1,1
0.43,1,1
0.4345,1,1
0.4305,1,1
0.4315,1,1
0.4318,1,1
0.4327,2,1
0.4331,2,1
0.4336,1,1
0.4339,1,1
0.4341,1,1
0.446,2,1
0.447,2,1
0.4254,1,1
0.463,1,1
0.4574,2,1
0.4576,1,1
0.4586,2,1
0.4592,1,1
0.4596,1,1
0.4607,1,1
0.4607,2,1
0.4614,1,1
0.4633,1,1
0.4567,1,1
0.4645,2,1
0.4658,1,1
0.4674,2,1
0.4681,1,1
0.4683,2,1
0.4688,2,1
0.469,1,1
0.4691,1,1
0.4567,2,1
0.4564,1,1
0.4482,1,1
0.4525,1,1
0.4484,1,1
0.4489,1,1
0.4494,1,1
0.45,1,1
0.4502,2,1
0.4503,2,1
0.4505,1,1
0.452,1,1
0.4534,1,1
0.4554,1,1
0.4536,2,1
0.4537,0,1
0.4538,2,1
0.454,1,1
0.4545,1,1
0.4552,1,1
0.4552,2,1
0.4553,1,1
0.4256,1,1
0.4247,2,1
0.3781,1,1
0.4009,1,1
0.398,1,1
0.3981,1,1
0.3983,1,1
0.3988,2,1
0.3994,1,1
0.3999,2,1
0.4003,1,1
0.4006,2,1
0.4012,2,1
0.3975,2,1
0.4016,1,1
0.4019,1,1
0.402,2,1
0.4026,1,1
0.4029,1,1
0.4032,1,1
0.4037,1,1
0.4037,2,1
0.3976,1,1
0.3973,1,1
0.405,1,1
0.3886,1,1
0.3801,1,1
0.381,2,1
0.3815,1,1
0.3825,2,1
0.384,1,1
0.3875,1,1
0.3876,1,1
0.3879,1,1
0.3909,0,1
0.397,1,1
0.3923,1,1
5.1296,1,1
0.3944,1,1
0.3945,1,1
0.3954,1,1
0.396,1,1
0.3962,1,1
0.3964,2,1
0.4039,0,1
0.4052,1,1
0.4231,2,1
0.421,2,1
0.416,1,1
0.4162,2,1
0.4175,1,1
0.4186,1,1
0.4189,1,1
0.4192,1,1
0.4194,1,1
0.4203,1,1
0.4214,2,1
0.4155,1,1
0.4216,1,1
0.4218,1,1
0.4221,1,1
0.4222,1,1
0.4224,1,1
0.4225,1,1
0.4228,1,1
0.4229,2,1
0.4158,1,1
0.4153,2,1
0.4053,1,1
0.4079,2,1
0.4054,1,1
0.4054,2,1
0.4056,1,1
0.4059,1,1
0.406,1,1
0.4064,1,1
0.4065,2,1
0.4069,1,1
0.4089,1,1
0.4153,1,1
0.4093,2,1
0.4106,1,1
0.4112,1,1
0.4117,1,1
0.4126,1,1
0.4128,1,1
0.4138,1,1
0.4151,1,1
1.113,2,1
1.1508,1,1
1.1132,1,1
1.8109,1,1
1.8075,2,1
1.8076,1,1
1.8086,1,1
1.8093,1,1
1.8096,1,1
1.8097,1,1
1.8103,1,1
1.8108,1,1
1.8118,1,1
1.8046,2,1
1.8119,2,1
1.8134,1,1
1.8143,2,1
1.8146,1,1
1.8148,2,1
1.8149,1,1
1.8151,2,1
1.8152,2,1
1.8072,1,1
1.8046,1,1
1.9086,1,1
1.8002,1,1
1.7969,1,1
1.7971,2,1
1.7973,2,1
1.7979,1,1
1.798,1,1
1.7984,1,1
1.7989,1,1
1.7993,1,1
1.8003,1,1
1.8044,2,1
1.8005,2,1
1.8007,2,1
1.8008,1,1
1.8019,1,1
1.8023,1,1
1.8029,1,1
1.8038,2,1
1.8039,1,1
1.8154,2,1
1.8157,2,1
1.816,1,1
1.8326,2,1
1.8281,1,1
1.8284,1,1
1.8297,1,1
1.83,2,1
1.8301,1,1
1.8302,1,1
1.8307,1,1
1.8316,1,1
1.8337,2,1
1.8161,1,1
1.8354,1,1
1.8358,1,1
1.8362,1,1
1.8369,1,1
1.8372,1,1
1.8388,1,1
1.8395,2,1
1.8396,1,1
1.8278,1,1
1.8252,1,1
1.8247,1,1
1.8239,2,1
1.8167,2,1
1.8168,1,1
1.8169,1,1
1.8182,2,1
1.8184,2,1
1.8185,1,1
1.8186,2,1
1.8188,1,1
1.8191,2,1
1.8192,1,1
1.8193,1,1
1.8195,1,1
1.8199,1,1
1.8208,1,1
1.8211,1,1
1.822,1,1
1.8237,1,1
1.7963,1,1
1.7962,1,1
1.7961,0,1
1.7732,1,1
1.7694,1,1
1.7702,1,1
1.7715,1,1
1.7716,1,1
1.7719,2,1
1.7719999999999998,1,1
1.7719999999999998,2,1
1.7721,1,1
1.7733,2,1
1.7766,2,1
1.7735,1,1
1.7738,2,1
1.7741,1,1
1.7743,2,1
1.775,1,1
1.7751,1,1
1.7753,2,1
1.7762,1,1
1.7692,1,1
1.7686,2,1
3.5001,2,1
1.7675,1,1
1.7629,1,1
1.763,1,1
1.7631,1,1
1.7632,2,1
1.7633,2,1
1.7638,1,1
1.7643,1,1
1.7644,1,1
1.7644,2,1
1.7646,2,1
1.7656,1,1
1.7657,1,1
1.7661,1,1
1.7662,1,1
1.7665,2,1
1.7667,1,1
1.7672,1,1
1.7764,1,1
1.7767,1,1
1.7956,2,1
1.7902,1,1
1.7876,1,1
1.788,1,1
1.788,2,1
1.7887,1,1
1.7888,1,1
1.7888,2,1
1.7892,1,1
1.7897,1,1
1.7903,1,1
1.7769,1,1
1.7909,1,1
1.7915,2,1
1.7916,1,1
1.7925,2,1
1.7928,2,1
1.7934,1,1
1.7947,2,1
1.7952,1,1
1.7869,0,1
1.7863,1,1
1.7861,2,1
1.7859,1,1
1.7773,2,1
1.7784,1,1
1.7792,1,1
1.7793,1,1
1.7794,2,1
1.7795,1,1
1.78,1,1
1.7802,1,1
1.7814,1,1
1.7821,1,1
1.7823,1,1
1.7825,1,1
1.7826,1,1
1.7828,1,1
1.7848,1,1
1.7853,1,1
1.7855,2,1
1.8407,1,1
1.841,2,1
1.8415,1,1
1.8871,1,1
1.8826,1,1
1.8834,1,1
1.8837,2,1
1.8839,1,1
1.8841,1,1
1.8851,1,1
1.8853,1,1
1.8861,1,1
1.8877,1,1
1.8915,1,1
1.8887,1,1
1.8889,1,1
1.889,1,1
1.8893,1,1
1.8896,2,1
1.8897,1,1
1.89,1,1
1.8903,2,1
1.8822,1,1
1.8812,1,1
1.881,1,1
1.8809,1,1
1.8734,1,1
1.8735,1,1
1.8739,1,1
1.874,1,1
1.874,2,1
1.875,1,1
1.8763,1,1
1.8766,1,1
1.8774,1,1
1.8776,1,1
1.8791,1,1
1.8792,2,1
1.8794,1,1
1.8795,1,1
1.8796,1,1
1.8806,2,1
1.8808,2,1
1.891,2,1
1.8919,1,1
1.8727,1,1
1.9037,1,1
1.9,1,1
1.9005,1,1
1.901,1,1
1.9012,1,1
1.9018,1,1
1.9019,1,1
1.9025,2,1
1.9029,1,1
1.9038,1,1
1.8928,1,1
1.904,1,1
1.9044,1,1
1.9048,1,1
1.9055,1,1
1.9068,2,1
1.9076,1,1
1.9078,1,1
1.9079,1,1
1.8999,1,1
1.8996,1,1
1.899,1,1
1.8989,1,1
1.893,1,1
1.8932,1,1
1.8934,1,1
1.8935,1,1
1.894,1,1
1.8948,1,1
1.8949,1,1
1.8951,2,1
1.8955,1,1
1.8956,1,1
1.8959,1,1
1.8962,2,1
1.8964,1,1
1.897,2,1
1.8973,1,1
1.8976,1,1
1.8979,1,1
1.8731,1,1
1.8725,1,1
1.8416,1,1
1.8533,1,1
1.8511,1,1
1.8515,1,1
1.8517,1,1
1.8521,1,1
1.8521,2,1
1.8529,1,1
1.853,1,1
1.8532,1,1
1.8534,1,1
1.8575,2,1
1.8545,2,1
1.8546,1,1
1.8548,1,1
1.8549,1,1
1.8552,1,1
1.8558,1,1
3.4555,1,1
1.8572,1,1
1.8506,1,1
1.8501,1,1
1.8498,1,1
1.8495,1,1
1.8418,1,1
1.8421,1,1
1.8422,2,1
1.843,2,1
1.8432,2,1
1.8433,1,1
1.8438,1,1
1.8439,1,1
1.8449,1,1
1.8452,1,1
1.8455,2,1
1.8465,1,1
1.8466,2,1
1.847,1,1
1.8476,2,1
1.8479,1,1
1.8494,2,1
1.8575,1,1
1.8577,1,1
1.8723,1,1
1.8697,1,1
1.8678,2,1
1.8681,1,1
1.8685,1,1
1.8687,1,1
1.8688,1,1
1.869,1,1
1.8692,1,1
1.8696,1,1
1.8699,1,1
1.8578,1,1
1.8702,1,1
1.8703,1,1
1.8708,1,1
1.871,1,1
1.8713,2,1
1.8715,1,1
1.8717,1,1
1.8719,1,1
1.8677,2,1
1.8675,1,1
1.8673,1,1
1.8667,1,1
1.8592,1,1
1.8597,1,1
1.8604,2,1
1.8608,1,1
1.8622,2,1
1.8631,2,1
1.8632,1,1
1.864,1,1
1.8641,1,1
1.8648,1,1
1.865,1,1
1.8652,2,1
1.8654,1,1
1.8657,1,1
1.8659,2,1
1.866,1,1
1.8663,1,1
1.7627,2,1
1.7619999999999998,1,1
3.5511,1,1
1.6524,1,1
1.6483,1,1
1.6485,1,1
1.6486,2,1
1.6489,1,1
1.6491,2,1
1.6505,1,1
1.652,1,1
1.6521,1,1
1.6527,2,1
1.6572,1,1
1.6547,2,1
1.6548,1,1
1.6554,1,1
1.6556,1,1
1.6558,1,1
1.6559,1,1
1.6565,2,1
1.6569,1,1
1.6478,1,1
1.6477,1,1
1.6474,1,1
1.6465,2,1
1.6398,1,1
1.6399,1,1
1.6401,1,1
1.6405,2,1
1.6408,1,1
1.6411,1,1
1.6416,1,1
1.6428,1,1
1.6438,1,1
1.644,1,1
1.6443,1,1
1.6445,2,1
1.6449,2,1
1.6455,1,1
1.6459,1,1
1.6462,2,1
1.6463,1,1
1.6571,1,1
1.6576,2,1
1.6394,1,1
1.6728,2,1
1.6692,2,1
1.6694,2,1
1.6697,1,1
1.6713,1,1
1.6715,2,1
1.6717,1,1
1.6718,1,1
1.6727,1,1
1.6735,2,1
1.6578,1,1
1.6742,1,1
1.6749,1,1
1.6752,1,1
1.6753,1,1
1.6771,1,1
1.6772,1,1
1.6778,1,1
1.6781,1,1
1.6687,1,1
1.6686,1,1
1.6683,1,1
1.6668,1,1
1.6583,1,1
1.6585,1,1
1.6588,2,1
1.6597,1,1
1.6607,1,1
1.6616,1,1
1.6618,2,1
1.6619,2,1
1.6621,1,1
1.6624,1,1
1.6632,1,1
1.6639,1,1
1.6639,2,1
1.6646,1,1
1.6651,1,1
1.6666,1,1
3.6261,1,1
1.6397,1,1
1.6392,2,1
1.6788,2,1
1.6146,2,1
1.6084,2,1
1.6085,1,1
1.6091,1,1
1.61,1,1
1.6108,1,1
1.6119,1,1
1.6129,2,1
1.6134,1,1
1.6147,2,1
1.6182,1,1
1.6149,1,1
1.6152,1,1
1.6154,1,1
1.6158,1,1
1.616,1,1
1.616,2,1
1.6168,1,1
1.6169,1,1
1.6084,1,1
1.6083,1,1
1.6078,1,1
1.6076,1,1
1.6016,2,1
1.6017,1,1
1.6018,2,1
1.6022,1,1
1.6024,1,1
1.6039,1,1
1.6041,1,1
1.6043,1,1
1.6045,1,1
1.6049,1,1
1.6055,1,1
1.606,1,1
1.6063,1,1
1.6069,1,1
1.607,1,1
1.6071,1,1
1.6075,1,1
1.6181,1,1
1.6183,1,1
1.639,1,1
1.6355,1,1
1.6319,1,1
1.632,1,1
1.6322,1,1
1.6323,1,1
1.6327,1,1
1.6335,2,1
1.6336,1,1
1.6352,1,1
1.636,1,1
1.6184,1,1
1.6361,1,1
1.6364,1,1
1.6365,2,1
1.6366,2,1
1.6369999999999998,1,1
1.6369999999999998,2,1
1.6375,1,1
1.6385,1,1
1.631,2,1
1.6308,2,1
1.6301,1,1
1.6295,1,1
1.6186,1,1
1.6187,1,1
1.6204,1,1
1.6209,2,1
1.6217,1,1
1.6218,1,1
1.6229,1,1
1.6237,1,1
1.6239,1,1
1.6245,1,1
1.626,1,1
1.6263,1,1
1.6266,1,1
1.6269,1,1
1.6278,1,1
1.6279,1,1
1.6289,2,1
1.6785,1,1
1.6789,2,1
1.7609,1,1
1.7392,1,1
1.7313,1,1
1.7322,1,1
1.734,1,1
1.7341,1,1
1.7366,2,1
1.7372,1,1
1.7385,1,1
1.7387,2,1
1.7392,2,1
1.7421,1,1
1.7394,1,1
1.7395,1,1
1.7398,1,1
1.7402,1,1
1.7403,2,1
1.7407,1,1
1.7415,1,1
1.7419,2,1
1.7309,1,1
1.7302,1,1
1.7298,2,1
1.7298,1,1
1.7193,1,1
1.7198,0,1
1.7206,1,1
1.7207,1,1
1.7208,1,1
1.721,2,1
1.7211,1,1
1.7232,2,1
1.7237,2,1
1.725,2,1
1.7272,1,1
1.7272,2,1
1.7273,1,1
1.7280000000000002,1,1
1.7281,1,1
1.7285,2,1
1.7297,1,1
1.742,1,1
1.7425,2,1
1.7183,1,1
1.7555,1,1
1.7511,1,1
1.7516,1,1
1.7519999999999998,1,1
1.7522,1,1
1.7527,1,1
1.7532,1,1
1.7543,1,1
1.7552,1,1
1.7562,2,1
1.7426,1,1
1.7573,1,1
1.7574,2,1
1.7575,1,1
1.7587,1,1
1.7591,1,1
1.7594,1,1
1.7598,1,1
1.7603,1,1
1.751,2,1
1.7509,2,1
1.7501,2,1
3.5634,1,1
1.743,1,1
1.7436,1,1
1.7442,1,1
1.745,1,1
1.7455,1,1
1.7456,1,1
1.7459,1,1
1.7463,1,1
1.7464,1,1
1.7468,2,1
1.7475,1,1
1.7477,2,1
1.7486,1,1
1.7487,1,1
1.7492,1,1
1.7494,1,1
1.7499,1,1
1.7185,2,1
1.7178,2,1
1.6801,2,1
1.6935,1,1
1.6902,1,1
1.6906,1,1
1.6909,1,1
1.6909999999999998,1,1
1.6924,2,1
1.693,1,1
1.6931,1,1
1.6934,1,1
1.6936,2,1
1.6969999999999998,2,1
1.6937,2,1
3.5794,1,1
1.6951,1,1
1.6953,1,1
1.6954,1,1
1.6956,2,1
1.6961,1,1
1.6964,1,1
1.69,1,1
1.6899,1,1
1.6897,1,1
1.6891,1,1
1.6807,1,1
1.6814,1,1
1.6815,1,1
1.6821,1,1
1.6822,1,1
1.6827,2,1
1.6840000000000002,1,1
1.6846,1,1
1.6854,2,1
1.6857,1,1
1.6859,1,1
1.6863,1,1
1.6868,2,1
1.6873,1,1
1.6876,1,1
1.6889,1,1
1.689,1,1
1.6969,1,1
1.6974,1,1
1.7167,2,1
1.7102,1,1
1.7065,1,1
1.7065,2,1
1.7069,2,1
1.7075,1,1
1.7084,1,1
1.7087,1,1
1.7095,1,1
1.7096,1,1
1.7108,1,1
1.6981,1,1
1.7113,1,1
1.7134,1,1
1.7139,2,1
1.7146,0,1
1.7147,1,1
1.7152,1,1
1.7153,1,1
1.7163,1,1
1.7063,1,1
1.7058,1,1
1.7056,1,1
1.7052,2,1
1.6987,1,1
1.699,1,1
1.6998,1,1
1.7,1,1
1.7,2,1
1.7016,1,1
1.7016,2,1
1.7017,1,1
1.7025,1,1
1.7034,1,1
1.7035,1,1
1.7036,1,1
1.7041,1,1
1.7048,1,1
1.7048,2,1
1.705,1,1
1.7052,1,1
1.9081,1,1
1.9092,1,1
1.6012,1,1
2.4555,1,1
2.4431,1,1
2.4442,2,1
2.4461,1,1
2.4475,2,1
2.4486,2,1
2.449,1,1
2.4515,2,1
2.4530000000000003,0,1
2.4558,1,1
2.4414,1,1
2.4558,2,1
2.4584,1,1
2.4584,2,1
2.4613,1,1
2.4627,1,1
2.4659,2,1
2.4697,2,1
2.4699,2,1
2.4419,1,1
2.4402,1,1
1.9094,1,1
2.4182,1,1
2.4036,2,1
2.4043,2,1
2.4074,1,1
2.4091,1,1
2.411,1,1
2.4125,2,1
2.4142,1,1
2.4161,2,1
2.4242,2,1
2.4374,1,1
2.4286,1,1
2.4292,1,1
2.4336,2,1
2.4338,1,1
2.4339,1,1
2.4354,2,1
2.4363,1,1
2.4372,1,1
2.4774,1,1
2.4807,1,1
2.4811,1,1
2.5699,1,1
2.5573,2,1
2.5586,2,1
2.5618,1,1
2.5628,2,1
2.5632,1,1
2.5634,2,1
2.5668,2,1
2.567,2,1
2.5702,1,1
2.4829,1,1
2.5724,1,1
2.5746,2,1
2.5841,2,1
2.5856,2,1
2.588,2,1
2.5882,1,1
2.5898,2,1
2.5911,1,1
2.5555,2,1
2.5528,2,1
2.5482,2,1
2.548,1,1
2.484,1,1
2.4849,1,1
2.4874,1,1
2.49,2,1
2.4955,2,1
2.4973,1,1
2.4977,1,1
2.4992,2,1
2.5104,2,1
2.5145,2,1
2.5168,1,1
2.5171,2,1
2.5178,1,1
2.5216,2,1
2.5229,1,1
2.5368,2,1
2.541,2,1
2.4,1,1
2.3976,2,1
2.3933,2,1
2.2642,1,1
2.2455,2,1
2.2458,2,1
2.2459,1,1
2.2508,1,1
2.2517,2,1
2.2554,1,1
2.2559,1,1
2.2573,1,1
2.2644,2,1
2.2827,2,1
2.2647,2,1
2.2707,2,1
2.2718,1,1
2.2729,1,1
2.2744,1,1
2.2775,1,1
2.2786,2,1
2.2788,1,1
2.2424,2,1
2.2401,1,1
2.2393,1,1
2.2383,2,1
2.2118,2,1
2.2121,1,1
2.2149,2,1
2.2158,1,1
2.2167,2,1
2.2197,2,1
2.2222,2,1
2.2224,1,1
2.2249,1,1
2.2253,1,1
2.2273,1,1
2.2281,1,1
2.2306,1,1
2.2351,2,1
2.2357,2,1
2.2364,1,1
2.2369,1,1
2.2812,1,1
2.2852,2,1
2.3915,1,1
2.3727,1,1
2.3542,2,1
2.3543,1,1
2.3563,2,1
2.3583,1,1
2.3586,2,1
2.365,1,1
2.3652,1,1
2.3684,1,1
2.3753,0,1
2.2853,1,1
2.3788,2,1
2.3823,1,1
2.385,2,1
2.3851,2,1
2.3855,1,1
2.3867,1,1
2.3898,1,1
2.3898,2,1
2.352,0,1
2.3474,1,1
2.3433,0,1
2.3414,2,1
2.2857,1,1
2.2885,2,1
2.2912,2,1
2.2917,1,1
2.2961,2,1
2.2962,2,1
2.3015,1,1
2.3049,2,1
2.3092,1,1
2.3118,1,1
2.3133,2,1
2.3161,1,1
2.318,1,1
2.3251,2,1
2.3298,1,1
2.3387,1,1
2.3393,2,1
2.5913,1,1
2.6006,2,1
2.6031,1,1
2.9095,1,1
2.8893,1,1
2.8908,0,1
2.8925,2,1
2.8955,2,1
2.8984,1,1
2.8999,2,1
2.9045,1,1
2.9056,1,1
2.9113,1,1
2.9384,1,1
2.9141,1,1
2.9153,1,1
2.9166,1,1
2.9167,2,1
2.9173,2,1
2.9204,2,1
2.9266,2,1
2.928,1,1
2.8881,1,1
2.8875,1,1
2.8787,1,1
2.8756,2,1
2.8235,1,1
2.8278,1,1
2.8308,2,1
2.8359,1,1
2.8427,1,1
2.8442,2,1
2.8464,2,1
2.8491,2,1
2.8519,2,1
2.8582,1,1
2.8608,2,1
2.8609,1,1
2.861,2,1
2.8680000000000003,2,1
2.8722,2,1
2.8724,1,1
2.8743,1,1
2.9325,1,1
2.9414,2,1
2.8217,2,1
3.1595,1,1
2.9978,2,1
3.3991,1,1
3.3892,1,1
3.3879,1,1
3.0115,1,1
3.013,1,1
3.092,1,1
3.1059,1,1
3.1986,1,1
2.9419,2,1
3.2386,1,1
3.25,1,1
3.2737,1,1
3.2849,1,1
3.3163,1,1
3.3233,1,1
3.3285,1,1
3.37,1,1
2.9977,1,1
2.9839,2,1
2.9795,2,1
2.9792,1,1
2.9442,1,1
2.9459,1,1
2.9468,1,1
2.9475,2,1
2.9556,0,1
2.9581,1,1
2.9596,1,1
2.9641,1,1
2.9642,1,1
2.9642,2,1
2.9643,1,1
2.9676,1,1
2.9705,1,1
2.9733,1,1
2.9744,2,1
2.9760000000000004,1,1
2.9776,1,1
2.8222,1,1
2.8175,2,1
2.6031,2,1
2.6789,1,1
2.6660000000000004,2,1
2.6665,1,1
2.6697,2,1
2.6751,1,1
2.6754,1,1
2.6772,1,1
2.6774,1,1
2.6781,1,1
2.6792,2,1
2.7103,2,1
2.6838,2,1
2.6925,2,1
2.6959,1,1
2.698,1,1
2.6981,1,1
2.7015,2,1
2.7076,1,1
2.7085,1,1
2.6659,1,1
2.6641,2,1
2.6615,2,1
2.6536,1,1
2.6053,2,1
2.6069,1,1
2.6082,1,1
2.6093,2,1
2.6169,1,1
2.6224,1,1
2.6235,1,1
2.6239,2,1
2.6365,1,1
2.6371,2,1
2.6391,2,1
2.6441,1,1
2.6454,1,1
2.6459,1,1
2.6463,2,1
2.6469,1,1
2.6515,1,1
2.7101,1,1
2.7122,1,1
2.8144,2,1
2.7927,1,1
2.7759,1,1
2.7807,2,1
2.7817,2,1
2.7822,1,1
2.7861,2,1
2.7862,1,1
2.7866,1,1
2.7874,1,1
2.7942,1,1
2.7156,1,1
2.8,1,1
2.8012,1,1
2.8028,1,1
2.8037,1,1
2.807,1,1
2.8087,2,1
2.8102,1,1
2.8125,2,1
2.7718,2,1
2.765,1,1
2.7611,1,1
2.7607,2,1
2.7159,1,1
2.7181,1,1
2.7254,1,1
2.7310000000000003,1,1
2.732,1,1
2.7335,1,1
2.7352,2,1
2.7357,2,1
2.7384,1,1
2.7385,1,1
2.7401,2,1
2.7438,1,1
2.7476,2,1
2.7513,0,1
2.752,1,1
2.7585,1,1
2.7606,2,1
2.2108,2,1
2.2095,1,1
2.2059,1,1
1.9543,1,1
1.9503,1,1
1.9505,1,1
1.9506,2,1
1.9508,2,1
1.9516,1,1
1.9519,1,1
1.952,1,1
1.9541,2,1
1.9546,2,1
1.9594,1,1
1.955,2,1
1.9551,2,1
1.9555,1,1
1.9557,1,1
1.9562,1,1
1.9566,2,1
1.9572,2,1
1.9576,1,1
1.9502,2,1
1.9502,1,1
1.9501,1,1
1.9497,2,1
1.9421,1,1
1.9424,1,1
1.9424,2,1
1.9425,1,1
1.9426,1,1
1.9428,1,1
1.9439,1,1
1.9441,1,1
1.9445,1,1
1.9454,1,1
1.9459,1,1
1.9461,2,1
1.9466,1,1
1.9477,1,1
1.9481,1,1
1.9484,1,1
1.9493,1,1
1.9593,1,1
1.961,1,1
1.9419,1,1
1.9748,1,1
1.9705,1,1
1.9708,1,1
1.9713,1,1
1.9719,1,1
1.9727,1,1
1.9729,1,1
1.9736,2,1
1.9745,1,1
1.9749,1,1
1.9612,1,1
1.9749,2,1
1.975,1,1
1.9754,1,1
1.9757,1,1
1.9759,2,1
1.9766,2,1
1.9768,2,1
1.9772,1,1
1.9697,1,1
1.9696,1,1
1.9695,1,1
1.9693,1,1
1.9618,1,1
1.9625,0,1
1.9631,1,1
1.9637,1,1
1.9642,1,1
1.9644,1,1
1.9646,1,1
1.9647,1,1
1.965,2,1
1.9657,1,1
1.966,1,1
1.9664,1,1
1.9666,1,1
1.9682,1,1
1.9685,1,1
1.9687,1,1
3.452,2,1
1.942,2,1
1.9416,1,1
1.9781,2,1
1.9215,1,1
1.919,1,1
1.919,2,1
1.9193,1,1
1.9198,2,1
1.92,2,1
1.9205,1,1
1.9209,2,1
1.9213,2,1
1.9215,2,1
1.9242,2,1
1.9221,2,1
1.9222,0,1
1.9224,1,1
1.9225,2,1
1.9236,1,1
1.9238,1,1
1.9239,2,1
1.924,2,1
1.9183,1,1
1.9182,1,1
1.9172,1,1
1.9171,1,1
1.9101,1,1
1.9106,1,1
1.9107,1,1
1.9123,1,1
1.9125,1,1
1.9126,1,1
1.9128,1,1
1.9143,1,1
1.9146,1,1
1.9148,1,1
1.9152,1,1
1.9153,1,1
1.9154,1,1
1.9156,2,1
1.9159,1,1
1.9164,1,1
1.917,1,1
1.9241,1,1
1.925,1,1
1.9413,2,1
1.9376,2,1
1.9358,1,1
1.9359,1,1
1.936,1,1
1.9362,1,1
1.9367,1,1
1.9369,1,1
1.9372,2,1
1.9373,1,1
1.9384,1,1
1.9253,2,1
1.9385,1,1
1.9386,1,1
1.9393,1,1
1.9399,1,1
1.94,1,1
1.9402,1,1
1.9405,1,1
1.9409,1,1
1.9356,1,1
1.9347,1,1
1.9344,1,1
1.9341,1,1
1.926,1,1
1.9269,1,1
1.9272,2,1
1.9287,1,1
1.9291,2,1
1.9292,1,1
1.9295,1,1
1.9296,2,1
1.9306,1,1
1.9307,1,1
1.9308,1,1
1.9321,2,1
1.9322,1,1
1.9325,2,1
1.9327,2,1
1.9336,2,1
1.9339,1,1
1.978,1,1
1.9782,1,1
3.4115,1,1
2.125,1,1
2.1112,2,1
2.1118,1,1
2.1139,1,1
2.1171,1,1
2.1181,2,1
2.119,1,1
2.1203,2,1
2.1212,1,1
2.1258,1,1
2.1372,1,1
2.1261,2,1
2.1289,2,1
2.1295,2,1
2.1297,1,1
2.132,1,1
2.1333,2,1
2.1335,1,1
2.1339,1,1
2.1098,1,1
2.1047,1,1
2.1013,1,1
2.1008,1,1
2.0716,1,1
2.0726,2,1
2.0745,1,1
2.0768,1,1
2.0777,1,1
2.0795,1,1
2.085,2,1
2.0854,2,1
2.0859,1,1
2.088,2,1
2.0903,1,1
2.0944,1,1
2.0967,2,1
2.0978,1,1
2.0986,2,1
2.099,1,1
2.0996,2,1
2.134,1,1
2.1379,1,1
2.071,2,1
2.1741,1,1
2.1625,2,1
2.1634,1,1
2.166,1,1
2.1681,1,1
2.1682,2,1
2.1687,1,1
2.1698,1,1
2.1703,1,1
2.1742,1,1
2.1425,1,1
2.1792,1,1
2.1809,2,1
2.1834,1,1
2.1839,1,1
2.1873,1,1
2.1888,1,1
2.1919,1,1
2.1942,1,1
2.1614,1,1
2.1612,2,1
2.16,1,1
2.1598,1,1
2.1437,2,1
2.1438,1,1
2.145,1,1
2.1473,1,1
2.1481,2,1
2.149,1,1
2.1494,1,1
2.152,1,1
2.1521,1,1
2.1524,1,1
2.1527,2,1
2.153,1,1
2.1542,2,1
2.1563,2,1
2.1576,1,1
2.1587,1,1
2.1592,2,1
2.0715,1,1
2.071,1,1
1.9784,0,1
1.9902,1,1
1.9857,1,1
1.9862,2,1
3.4324,1,1
1.9872,2,1
1.9878,1,1
1.988,1,1
1.9884,1,1
1.9901,2,1
1.9903,1,1
1.9957,1,1
1.9909,2,1
1.9915,2,1
1.9924,1,1
1.9925,1,1
1.993,1,1
1.9934,1,1
1.994,1,1
1.9942,1,1
1.9851,1,1
1.9849,1,1
1.9845,1,1
1.9841,1,1
1.9784,1,1
1.9786,1,1
1.9793,1,1
1.9804,1,1
1.9806,1,1
1.9809,2,1
1.9813,2,1
1.9821,2,1
1.9822,1,1
1.9824,2,1
1.9826,1,1
1.9828,1,1
1.9829,1,1
1.9832,1,1
1.9834,1,1
1.9835,1,1
1.9839,2,1
1.9946,1,1
1.9965,1,1
2.068,1,1
2.0338,1,1
2.014,1,1
2.0149,2,1
2.0203,1,1
2.0247,1,1
2.0272,1,1
2.0277,1,1
2.0294,1,1
2.0334,1,1
2.0352,1,1
1.9968,1,1
2.0514,1,1
2.0514,2,1
2.0588,1,1
2.06,1,1
2.0626,1,1
2.0637,2,1
2.0647,2,1
2.0679,2,1
2.0109,1,1
2.0106,1,1
2.0096,2,1
2.0074,1,1
1.9969,1,1
1.9974,1,1
1.9977,1,1
1.9978,1,1
1.9979,2,1
1.9982,1,1
1.9989,1,1
1.999,1,1
1.9991,2,1
1.9992,1,1
3.4204,1,1
3.42,1,1
2.0007,2,1
2.0027,1,1
2.0035,2,1
2.005,2,1
2.0057,2,1
1.6016,1,1
1.601,1,1
1.1135,1,1
1.2675,1,1
1.2643,1,1
1.2644,1,1
1.2654,1,1
1.2655,1,1
1.2656,1,1
1.266,1,1
1.2669,1,1
1.267,1,1
1.2675,2,1
1.2634,1,1
1.268,2,1
1.2686,1,1
1.2687,1,1
1.2689,1,1
1.2691,1,1
1.2693,1,1
1.2696,2,1
1.27,1,1
1.2642,1,1
1.2632,1,1
1.3364,2,1
1.2568,1,1
1.2525,2,1
1.2531,1,1
1.2547,1,1
1.255,1,1
1.2561,2,1
1.2562,1,1
1.2564,1,1
1.2566,1,1
1.2575,1,1
1.263,1,1
1.2588,1,1
1.2591,1,1
1.2595,1,1
1.2599,1,1
1.2609,1,1
1.2614,1,1
1.2614,2,1
1.2623,1,1
1.27,2,1
1.2707,1,1
1.271,1,1
1.2791,1,1
1.2767,1,1
1.2771,1,1
1.2775,1,1
1.2777,2,1
1.278,1,1
1.2783,1,1
1.2788,1,1
1.2789,1,1
1.2793,1,1
1.2715,1,1
1.2794,1,1
1.2795,1,1
1.2807,1,1
1.2813,1,1
1.2814,1,1
1.2816,1,1
1.2819999999999998,1,1
1.2822,1,1
1.2763,1,1
1.276,1,1
1.2759,1,1
1.2755,2,1
1.272,1,1
1.2721,1,1
1.2723,1,1
1.2724,2,1
1.2726,1,1
1.2727,1,1
1.2731,1,1
1.2738,1,1
1.2741,1,1
1.2742,1,1
1.2743,1,1
1.2745,1,1
1.2746,2,1
1.2747,2,1
1.2749,1,1
1.2752,1,1
1.2753,1,1
1.2525,1,1
1.2523,1,1
1.2515,2,1
1.2343,1,1
1.2322,2,1
1.2325,1,1
1.2329,1,1
1.2332,1,1
1.2334,1,1
1.2335,1,1
1.2341,1,1
1.2342,1,1
1.2346,1,1
1.2389,1,1
1.2354,1,1
1.2359,2,1
1.236,2,1
1.2361,1,1
1.2365,1,1
1.2367,1,1
1.2371,1,1
1.2372,1,1
1.2322,1,1
1.2317,1,1
1.2304,1,1
1.2302,1,1
1.2249,2,1
1.225,1,1
1.2251,1,1
1.2252,1,1
1.2256,1,1
1.2258,1,1
1.226,1,1
1.2264,1,1
1.2265,1,1
1.2267,1,1
1.2274,1,1
1.2278,1,1
1.2285,1,1
1.2287,2,1
1.2294,1,1
1.2294,2,1
1.2296,1,1
1.2387,1,1
1.2392,1,1
1.2506,2,1
1.249,1,1
1.2466,1,1
1.2471,1,1
1.2475,1,1
1.2477,1,1
1.2478,1,1
1.2483,1,1
1.2485,1,1
1.2489,1,1
1.2492,1,1
1.2396,1,1
1.2496,1,1
1.2499,1,1
1.25,1,1
1.2501,2,1
1.2504,1,1
1.2505,1,1
1.2505,2,1
1.2506,1,1
1.2461,1,1
1.246,2,1
1.2458,1,1
1.2457,1,1
1.2401,1,1
1.2412,1,1
1.2417,1,1
1.2421,1,1
1.2424,1,1
1.2425,2,1
1.2427,1,1
1.2431,1,1
1.2433,1,1
1.2436,2,1
1.244,1,1
1.244,2,1
1.2442,1,1
1.2449,2,1
1.245,1,1
1.2454,1,1
1.2456,2,1
1.2823,2,1
1.2824,1,1
1.2828,1,1
1.3215,2,1
1.3192,1,1
1.3192,2,1
1.3193,1,1
1.3198,1,1
1.3205,1,1
1.3205,2,1
1.3206,1,1
1.3207,1,1
1.3218,1,1
1.3251,1,1
1.3219,1,1
1.3219999999999998,1,1
1.3222,1,1
1.3229,1,1
1.3234,1,1
1.3239,1,1
1.3241,1,1
1.3246,1,1
1.3191,1,1
1.3188,1,1
1.3184,1,1
1.3175,2,1
1.3137,1,1
1.3138,1,1
1.3142,1,1
1.3143,1,1
1.3145,1,1
1.3146,1,1
1.3151,1,1
1.3154,1,1
1.3159999999999998,1,1
1.3161,1,1
1.3164,1,1
1.3165,1,1
1.3168,1,1
1.3169,1,1
1.3171,1,1
1.3173,1,1
1.3174,1,1
1.3247,1,1
1.3253,1,1
1.3124,1,1
1.3337,1,1
1.3323,1,1
1.3328,1,1
1.3329,1,1
1.3329,2,1
3.9747,1,1
1.3333,2,1
1.3335,1,1
1.3335,2,1
1.3338,1,1
1.3256,1,1
1.334,1,1
1.3341,1,1
1.3348,1,1
1.3352,1,1
1.3353,2,1
1.3354,1,1
1.3357,1,1
1.3358,2,1
1.3322,1,1
1.3318,1,1
1.3317,1,1
1.3315,1,1
1.3259999999999998,1,1
4.1831,1,1
1.3266,1,1
1.3267,1,1
1.3269,1,1
4.1149,2,1
1.3272,1,1
1.3277,2,1
4.0789,2,1
1.3279,0,1
1.3287,1,1
1.3293,1,1
1.3295,1,1
1.3297,1,1
1.33,1,1
1.3302,1,1
1.3305,1,1
1.3132,2,1
1.3123,1,1
1.2831,1,1
1.2953,1,1
1.2916,2,1
1.2917,1,1
1.2919999999999998,1,1
1.293,1,1
1.2935,1,1
1.2945,1,1
1.2948,1,1
1.295,1,1
1.2955,1,1
1.2978,2,1
1.2959,1,1
1.2961,1,1
1.2962,1,1
1.2963,1,1
1.2964,1,1
1.2967,2,1
1.297,1,1
1.2972,2,1
1.2911,1,1
1.2902,1,1
1.2898,1,1
1.2897,1,1
1.2832,1,1
1.2834,1,1
1.2836,1,1
1.2841,1,1
1.2845,1,1
1.2851,1,1
1.2853,1,1
1.2855,1,1
4.1943,1,1
1.2859,2,1
1.286,2,1
1.2871,1,1
1.2879,1,1
1.2881,1,1
1.2885,1,1
1.2887,1,1
1.2896,2,1
1.2976,1,1
1.2982,1,1
1.3119,1,1
1.3087,1,1
1.3076,1,1
1.3076,2,1
1.3079,1,1
1.3081,1,1
1.3082,1,1
1.3084,1,1
1.3085,1,1
1.3086,1,1
1.3087,2,1
1.2984,1,1
1.3093,1,1
1.3099,1,1
1.3101,1,1
1.3103,1,1
1.3108,1,1
1.3109,1,1
1.3113,1,1
1.3115,1,1
1.3074,1,1
1.3069,1,1
1.306,1,1
1.3059,2,1
1.2988,1,1
1.2994,1,1
1.3005,1,1
1.3011,2,1
1.3016,1,1
1.3019,2,1
1.3021,1,1
1.3024,1,1
1.3025,1,1
1.3030000000000002,1,1
1.3036,1,1
1.3038,1,1
1.3046,1,1
1.3048,1,1
1.305,1,1
1.3056,1,1
1.3057,1,1
1.2244,1,1
1.2243,2,1
1.224,1,1
1.1494,1,1
1.146,2,1
1.1466,1,1
1.1469,1,1
1.1473,2,1
1.1479,1,1
4.3061,2,1
1.1485,2,1
1.1486,2,1
1.1497,1,1
1.1528,1,1
1.1503,1,1
1.1505,1,1
3.3710000000000004,1,1
1.1509,1,1
1.1513,1,1
1.1515,1,1
1.1516,1,1
1.1517,1,1
1.1459,1,1
1.1452,1,1
1.1451,1,1
1.1447,1,1
1.139,2,1
1.1398,1,1
1.1399,1,1
1.1401,1,1
1.1406,1,1
1.141,1,1
1.1411,1,1
1.1419,1,1
1.1419,2,1
1.142,1,1
1.1422,1,1
1.1424,1,1
1.1425,1,1
1.1432,1,1
1.1433,1,1
1.1436,1,1
1.1446,1,1
1.1524,2,1
1.153,1,1
1.1387,1,1
1.1595,1,1
1.1581,1,1
1.1581,2,1
1.1583,1,1
1.1584,1,1
1.1587,1,1
1.1588,1,1
1.1589,1,1
1.1594,1,1
1.1597,1,1
1.1531,1,1
1.1603,1,1
1.1607,1,1
1.161,1,1
1.161,2,1
1.1612,1,1
1.1614,1,1
1.1619,1,1
1.162,1,1
6.9776,1,1
1.158,1,1
1.1579,1,1
1.1577,1,1
1.1532,1,1
1.1532,2,1
1.1535,1,1
1.1539,1,1
1.1541,1,1
1.1544,1,1
1.1546,1,1
1.1549,1,1
1.1557,1,1
1.1562,1,1
1.1565,1,1
1.1566,1,1
1.1567,2,1
1.1568,1,1
1.1572,1,1
1.1575,1,1
1.1575,2,1
1.1388,1,1
1.1379,1,1
1.1627,1,1
1.1226,1,1
1.1208,1,1
1.1211,1,1
1.1212,1,1
1.1217,1,1
1.1218,1,1
1.1219,1,1
1.1221,2,1
1.1224,1,1
1.1227,1,1
1.1251,1,1
1.123,1,1
4.3998,1,1
1.1238,1,1
1.124,1,1
1.1242,1,1
1.1243,1,1
1.1245,2,1
1.1246,1,1
1.1207,2,1
1.1205,1,1
1.1202,1,1
1.1195,1,1
1.1136,1,1
1.1138,1,1
1.1139,1,1
1.1148,1,1
1.1149,1,1
1.1154,1,1
1.1155,1,1
1.1157,1,1
1.116,1,1
1.1161,1,1
1.1165,1,1
1.1166,1,1
1.1167,1,1
1.1169,1,1
1.117,1,1
1.1174,1,1
1.1177,1,1
1.1248,1,1
1.1255,1,1
1.137,1,1
1.1351,1,1
1.1308,1,1
1.1309,2,1
1.1311,1,1
1.1314,1,1
1.1324,2,1
1.1325,2,1
1.1327,1,1
1.1342,1,1
1.1352,1,1
1.1259,1,1
1.1353,1,1
1.1354,1,1
1.1355,1,1
1.1358,1,1
1.1359,2,1
1.1365,1,1
1.1367,1,1
1.1368,1,1
1.1307,1,1
1.1306,1,1
1.1305,1,1
1.1304,1,1
1.126,1,1
1.1265,1,1
1.1268,1,1
1.1269,1,1
1.1269,2,1
1.1271,1,1
1.1274,1,1
4.3643,1,1
1.1276,1,1
4.3077,1,1
1.1281,1,1
1.1281,2,1
1.1284,1,1
1.1289,1,1
1.1289,2,1
1.1292,1,1
1.1299,1,1
1.1621,1,1
1.1628,2,1
1.2237,1,1
1.2055,1,1
1.2029,2,1
1.2035,1,1
1.2037,1,1
1.204,1,1
1.2041,1,1
1.2048,1,1
1.2051,2,1
1.2054,2,1
1.2055,2,1
1.2084,1,1
1.2058,1,1
1.2061,1,1
1.2074,1,1
1.2074,2,1
1.2079,1,1
1.2081,1,1
1.2081,2,1
1.2082,2,1
1.2029,1,1
1.2025,1,1
4.2305,1,1
1.2019,2,1
1.1944,1,1
1.1955,1,1
1.1964,1,1
1.1969,1,1
1.1971,1,1
1.1972,1,1
1.1978,1,1
1.1988,1,1
1.1999,1,1
1.2001,1,1
1.2003,1,1
1.2004,1,1
1.2008,2,1
1.2009,1,1
1.2012,1,1
1.2016,1,1
1.2019,1,1
1.2083,1,1
1.2087,1,1
1.194,1,1
1.2203,1,1
1.2182,1,1
1.2182,2,1
1.2187,1,1
1.2192,1,1
1.2193,1,1
1.2195,1,1
1.2197,1,1
1.2202,1,1
1.2206,1,1
1.2092,1,1
1.2211,1,1
1.2212,1,1
1.2212,2,1
1.2216,1,1
1.222,1,1
1.2225,1,1
1.2226,1,1
1.2235,1,1
1.218,1,1
1.2173,1,1
1.2169,1,1
1.2167,1,1
1.2094,2,1
1.2096,2,1
1.2099,0,1
4.2267,1,1
1.2105,1,1
1.2106,1,1
1.2107,1,1
1.2123,1,1
1.2132,1,1
1.2134,1,1
1.2136,1,1
1.2137,1,1
1.2138,1,1
1.2139,1,1
1.2156,1,1
1.2159,1,1
1.2163,2,1
1.1941,1,1
1.1939,1,1
1.1635,1,1
1.1741,2,1
1.1709,2,1
1.171,1,1
1.1711,1,1
1.1715,1,1
1.172,1,1
1.1727,1,1
1.1731,1,1
1.1739,1,1
1.1742,1,1
1.179,1,1
1.1759,1,1
1.1762,1,1
1.1766,1,1
1.1769,1,1
1.1773,2,1
1.1774,1,1
1.1778,1,1
1.1778,2,1
1.1703,1,1
1.17,2,1
1.17,1,1
1.1698,1,1
1.1636,1,1
1.1637,1,1
4.3028,1,1
1.1652,2,1
1.1654,1,1
1.1654,2,1
1.1655,1,1
1.1656,1,1
1.1664,1,1
1.1666,2,1
4.2799,1,1
1.1672,2,1
1.1673,1,1
1.1679,1,1
1.1685,1,1
1.1687,1,1
1.1691,1,1
1.1786,1,1
1.1792,1,1
1.1932,1,1
1.1899,1,1
1.1882,2,1
1.1885,1,1
1.1886,1,1
1.189,1,1
1.1893,1,1
1.1895,2,1
1.1896,1,1
1.1898,1,1
1.1901,1,1
1.1798,1,1
1.1905,2,1
1.1907,1,1
4.2642,1,1
1.192,1,1
1.1921,1,1
1.1924,1,1
1.1927,2,1
1.193,1,1
1.1881,1,1
1.1878,1,1
1.1877,2,1
1.1877,1,1
1.1804,1,1
1.1805,1,1
1.1808,1,1
1.1818,1,1
1.182,1,1
1.1831,1,1
1.1833,1,1
1.1837,1,1
1.1846,2,1
1.1852,2,1
1.1859,1,1
1.186,2,1
1.1861,1,1
1.1863,1,1
1.1864,1,1
1.1865,1,1
1.1866,1,1
1.3363,1,1
1.3366,1,1
1.5999,1,1
1.504,2,1
1.5019,2,1
1.5021,1,1
1.5023,2,1
1.5024,1,1
1.5025,1,1
1.5027,1,1
1.5031,1,1
1.504,1,1
1.5051,1,1
1.5012,2,1
1.5057,1,1
1.5062,1,1
1.507,1,1
1.5071,2,1
1.5075,2,1
1.5078,1,1
1.5083,1,1
1.5085,2,1
1.5015,1,1
1.5011,1,1
1.3371,1,1
1.4977,1,1
1.4961,2,1
1.4965,1,1
1.4966,1,1
1.4966,2,1
1.4967,1,1
1.4968,1,1
1.4973,1,1
1.4974,1,1
1.4979,1,1
1.5004,1,1
1.4981,1,1
1.499,1,1
1.4993,1,1
1.4994,1,1
1.4996,1,1
1.4997,1,1
3.6954,1,1
1.5002,1,1
1.5088,1,1
1.5088,2,1
1.5094,1,1
1.5236,2,1
1.52,1,1
3.648,2,1
1.5211,1,1
1.5215,1,1
1.5226,2,1
1.5227,1,1
1.5232,1,1
1.5233,1,1
1.5238,1,1
1.5095,2,1
1.524,1,1
1.5243,1,1
1.5247,1,1
1.5249,2,1
1.525,1,1
1.5254,1,1
1.5261,1,1
1.5266,1,1
1.5199,2,1
1.5198,1,1
1.5197,1,1
1.5194,1,1
1.5103,1,1
1.5112,1,1
1.5112,2,1
1.5115,1,1
1.5127,2,1
1.5128,1,1
1.513,1,1
1.5141,2,1
1.5142,2,1
1.5154,1,1
1.5155,2,1
1.5156,1,1
1.5157,2,1
1.5159,1,1
1.5165,2,1
1.517,1,1
1.5174,1,1
1.4961,1,1
1.4959,1,1
1.4957,1,1
1.476,1,1
1.4734,1,1
1.474,1,1
1.4743,1,1
1.4744,1,1
1.4747,1,1
1.4748,2,1
1.4758,1,1
1.4759,1,1
1.4761,1,1
1.4785,1,1
1.4765,1,1
3.705,1,1
1.4773,1,1
1.4774,1,1
1.4775,1,1
1.4776,1,1
1.4778,2,1
1.4780000000000002,2,1
1.4733,1,1
1.4722,1,1
1.4714,1,1
1.4709,1,1
1.4635,1,1
1.4638,1,1
1.4639,2,1
1.4641,1,1
1.4644,1,1
1.4644,2,1
3.7148,1,1
1.4652,2,1
1.4661,1,1
1.4662,1,1
1.4668,1,1
1.4677,1,1
1.4678,0,1
1.4678,1,1
1.4678,2,1
1.4684,1,1
1.4687,1,1
1.4784,2,1
1.4788,1,1
1.4953,2,1
1.4909,1,1
1.4871,1,1
1.4871,2,1
1.4883,1,1
1.4885,2,1
1.4888,1,1
1.4889,2,1
1.49,1,1
1.4902,1,1
1.491,1,1
1.4791,1,1
1.4924,1,1
1.493,1,1
1.494,1,1
1.4941,1,1
1.4945,1,1
1.4946,2,1
1.4949,1,1
1.4951,1,1
1.4869,1,1
1.4866,1,1
1.4864,2,1
1.4861,2,1
1.4794,1,1
1.4796,1,1
1.4799,1,1
1.4807,1,1
1.4809,1,1
1.4818,1,1
1.4821,1,1
1.4826,2,1
1.4837,1,1
1.4841,1,1
1.4849,1,1
1.485,1,1
1.4852,2,1
1.4854,2,1
1.4855,1,1
1.4859,1,1
1.486,1,1
1.5267,1,1
1.5268,1,1
1.5286,1,1
1.5739,1,1
1.571,1,1
1.5712,1,1
1.5714,1,1
1.5716,1,1
1.5718,1,1
1.5719,2,1
1.5731,1,1
1.5733,1,1
1.574,2,1
1.5777,2,1
1.5743,1,1
1.5745,2,1
1.5746,2,1
1.575,1,1
1.5757,1,1
1.5761,1,1
1.5768,1,1
3.6385,1,1
1.5708,1,1
1.5704,2,1
1.5699,1,1
1.5698,1,1
1.5619999999999998,1,1
1.5621,1,1
1.5629,1,1
1.5630000000000002,1,1
1.5638,2,1
1.5641,1,1
1.5642,2,1
1.5657,1,1
1.5658,1,1
1.5667,1,1
1.5668,1,1
1.5669,1,1
1.5674,1,1
1.5676,1,1
1.5677,1,1
3.6422,1,1
1.5685,1,1
1.5776,1,1
1.5782,1,1
1.5616,1,1
1.5923,1,1
1.5876,1,1
1.5892,2,1
1.5899,2,1
1.5905,1,1
1.5909,1,1
1.591,1,1
1.5918,1,1
1.5921,1,1
1.5923,2,1
1.5783,1,1
1.5925,1,1
1.5926,1,1
1.5939,2,1
1.5942,1,1
1.5948,1,1
1.5955,1,1
1.5963,1,1
1.5987,2,1
1.5868,1,1
1.5867,1,1
1.5865,1,1
1.586,1,1
1.5785,2,1
1.5791,1,1
1.5797,1,1
1.5797,2,1
1.5799,1,1
1.58,2,1
1.5801,1,1
1.5802,1,1
1.5804,1,1
1.5804,2,1
1.5807,1,1
1.581,2,1
1.5812,1,1
1.582,1,1
1.5825,2,1
1.5832,1,1
1.5854,1,1
1.5618,1,1
1.5614,1,1
1.529,1,1
1.5401,2,1
1.5373,1,1
1.5374,1,1
1.5376,1,1
1.5379,1,1
1.5382,1,1
1.5384,1,1
1.5388,1,1
1.5399,1,1
1.5404,1,1
1.5452,2,1
1.541,1,1
1.5411,1,1
1.5411,2,1
1.5423,1,1
1.5424,1,1
1.5429,1,1
1.543,1,1
1.5439,1,1
1.537,1,1
1.5367,2,1
1.5365,2,1
1.5362,1,1
1.5291,1,1
1.53,1,1
1.5303,2,1
1.5309,1,1
1.531,1,1
1.5314,2,1
1.5319,1,1
1.533,2,1
1.5331,1,1
1.5332,2,1
1.5341,1,1
1.5344,1,1
1.5346,1,1
1.535,2,1
1.5355,1,1
1.5357,1,1
1.5359,0,1
1.5444,2,1
1.5459,1,1
1.5613,1,1
3.6467,1,1
1.5537,1,1
1.5541,2,1
1.5542,1,1
1.5546,1,1
1.5549,1,1
1.5556,2,1
1.5561,2,1
1.5563,1,1
1.5583,1,1
1.5463,1,1
1.5586,2,1
1.5587,1,1
1.5589,1,1
1.5594,1,1
1.5594,2,1
1.5599,0,1
1.5606,1,1
1.5609,1,1
1.5535,1,1
1.5533,2,1
1.5529,1,1
1.5522,1,1
1.5466,1,1
1.5469,1,1
1.5472,1,1
1.5478,1,1
1.5479,2,1
1.548,1,1
1.5485,1,1
1.5488,1,1
1.5493,1,1
1.5496,1,1
1.5497,1,1
1.5497,2,1
1.5503,1,1
1.5508,1,1
1.5515,1,1
1.5516,1,1
1.5519999999999998,1,1
1.4618,1,1
1.4609,1,1
1.4596,1,1
1.3769999999999998,1,1
1.3743,1,1
1.3744,1,1
1.3751,1,1
1.3757,1,1
1.3758,2,1
1.3759,2,1
1.376,1,1
1.3766,1,1
1.3789,1,1
1.3811,1,1
1.3792,1,1
1.3793,0,1
1.3794,1,1
1.3798,2,1
1.38,1,1
1.3801,1,1
1.3803,1,1
1.3806,1,1
1.3733,1,1
1.3724,2,1
1.372,2,1
1.3718,1,1
1.3666,1,1
1.3669,1,1
1.3673,1,1
1.3676,1,1
1.3679,2,1
1.3683,2,1
1.3684,1,1
1.369,1,1
1.3696,1,1
1.3698,1,1
1.37,1,1
1.3704,1,1
1.3709,1,1
1.371,2,1
1.3711,1,1
3.9611,1,1
1.3713,1,1
1.3808,1,1
1.3817,1,1
1.3661,2,1
1.3908,1,1
1.3891,1,1
1.3894,1,1
1.3896,1,1
1.3897,1,1
1.3901,2,1
1.3902,2,1
1.3904,2,1
1.3906,1,1
1.391,1,1
1.3822,1,1
1.3911,1,1
1.3913,1,1
1.3921,1,1
1.3923,1,1
1.3927,1,1
1.3927,2,1
1.3928,2,1
1.393,1,1
1.3888,1,1
1.3887,1,1
1.3886,1,1
1.3878,2,1
1.3824,1,1
1.3826,1,1
1.3831,1,1
1.3831,2,1
1.3833,2,1
1.3835,1,1
1.3836,1,1
1.3841,1,1
1.3844,1,1
1.385,1,1
1.3853,1,1
1.3855,1,1
1.3855,2,1
1.3858,2,1
1.386,1,1
1.3873,1,1
1.3876,1,1
1.3663,2,1
1.3659,1,1
1.3934,1,1
1.3495,1,1
1.3476,1,1
1.3477,1,1
1.348,1,1
1.3484,1,1
1.3485,1,1
1.3492,1,1
1.3493,1,1
1.3494,1,1
1.3496,1,1
1.352,2,1
1.3497,2,1
1.3498,1,1
1.3501,1,1
1.3505,1,1
1.3506,2,1
1.351,1,1
1.3513,1,1
1.3516,1,1
1.3472,1,1
1.347,1,1
1.3466,1,1
1.3463,1,1
1.3375,1,1
1.3379,1,1
1.338,1,1
1.3384,1,1
1.3388,2,1
1.3389,1,1
1.3392,1,1
1.3393,1,1
1.3397,1,1
1.3399,1,1
1.34,1,1
1.3404,1,1
1.3407,1,1
1.3424,1,1
1.3428,1,1
1.3438,1,1
1.346,1,1
1.352,1,1
1.3521,1,1
1.3644,1,1
1.3623,1,1
1.3605,1,1
1.3606,1,1
1.3607,1,1
1.3608,1,1
1.3609,2,1
1.3614,1,1
1.3617,1,1
3.9743,1,1
1.3624,1,1
1.3522,1,1
1.3629,1,1
1.3634,1,1
1.3638,1,1
1.3638,2,1
1.3639,1,1
1.364,1,1
1.3641,1,1
1.3642,2,1
1.3603,1,1
1.3601,1,1
1.3595,1,1
1.3589,1,1
1.3523,2,1
1.3524,1,1
1.3528,1,1
1.3533,1,1
1.354,1,1
1.3541,1,1
1.3544,1,1
1.3545,2,1
1.355,1,1
1.3556,2,1
1.356,1,1
1.3561,1,1
1.3568,1,1
1.3571,1,1
1.3576,1,1
1.3582,1,1
1.3583,1,1
1.3933,1,1
1.3934,2,1
1.4587,1,1
1.4344,1,1
1.4327,2,1
1.433,1,1
1.4332,1,1
1.4334,1,1
1.4335,2,1
1.4336,1,1
1.4338,1,1
1.4341,1,1
1.4345,1,1
1.4386,1,1
1.4351,2,1
1.4356,2,1
1.4358,1,1
1.4359,2,1
1.4366,1,1
1.4372,2,1
1.4375,2,1
1.4378,1,1
1.4326,1,1
1.4314,1,1
1.4311,1,1
1.4309,1,1
1.4258,1,1
1.4259,1,1
1.4261,1,1
1.4267,2,1
1.4268,1,1
1.4269999999999998,1,1
1.4271,2,1
1.4274,1,1
1.4278,1,1
1.4279,1,1
1.4283,1,1
1.4287,1,1
1.4293,1,1
1.4294,1,1
1.4297,1,1
1.4299,1,1
1.4301,1,1
1.4381,1,1
1.4387,1,1
1.4253,1,1
1.4522,1,1
1.446,1,1
1.4463,1,1
1.4492,1,1
1.4503,1,1
1.4509999999999998,1,1
1.4513,1,1
1.4515,1,1
1.452,1,1
1.453,1,1
3.8029,1,1
1.4539,1,1
1.4545,1,1
1.4549,1,1
1.4551,2,1
1.4568,2,1
1.4571,2,1
1.4581,1,1
1.4583,1,1
1.4456,1,1
1.4455,1,1
1.4454,1,1
1.445,2,1
1.4396,1,1
1.4404,1,1
1.4412,1,1
1.4414,1,1
1.4418,1,1
1.442,2,1
1.4426,1,1
1.4427,1,1
1.4429,1,1
1.4431,1,1
1.4431,2,1
1.4433,1,1
1.4438,2,1
1.4442,2,1
1.4445,1,1
1.4447,1,1
1.4449,1,1
1.4255,1,1
1.4248,1,1
1.3938,1,1
1.4042,1,1
3.8503,1,1
1.4027,1,1
1.403,2,1
1.4031,1,1
1.4034,1,1
1.4038,1,1
1.404,1,1
1.4041,1,1
1.4045,1,1
1.4099,2,1
1.4046,1,1
1.4049,1,1
1.405,1,1
1.4055,1,1
1.4056,1,1
1.4063,1,1
1.4068,1,1
1.4071,2,1
1.4015,1,1
1.4012,2,1
1.401,1,1
3.8699,1,1
1.394,1,1
1.3953,1,1
1.3955,1,1
1.3959,1,1
1.3959,2,1
1.3965,1,1
1.3968,1,1
1.3972,2,1
1.3977,1,1
3.9126,1,1
1.3987,1,1
1.3988,1,1
1.3988,2,1
1.399,1,1
1.3992,1,1
1.3996,1,1
1.3997,2,1
1.4091,1,1
1.4102,1,1
1.4236,1,1
1.4206,1,1
1.4182,1,1
1.4189,1,1
3.8249,1,1
1.419,2,1
1.4191,1,1
1.4192,1,1
1.4197,1,1
1.4204,1,1
1.4207,2,1
1.4106,1,1
1.421,1,1
1.4213,1,1
1.4214,1,1
1.4215,1,1
1.4217,1,1
1.4224,1,1
1.4226,1,1
1.4227,1,1
1.4179,1,1
1.4174,2,1
1.4174,1,1
1.4171,1,1
1.4108,1,1
1.4109,1,1
1.411,1,1
1.4111,1,1
1.4115,1,1
1.4118,1,1
1.4124,1,1
1.4126,1,1
1.413,1,1
1.4132,1,1
1.4143,1,1
1.4144,1,1
1.4145,1,1
1.4148,1,1
1.4153,1,1
1.4155,1,1
1.4164,1,1
1.158,2,1
